No de Permiso,Nombre de la gasolinera,Dirección,Producto,Subproducto,Precio registrado
PL/10186/EXP/ES/2015,INMOBILIARIA CORSAL S.A. DE C.V.,Calzada de La Viga No. 1395,Gasolinas,Premium (con un índice de octano ([RON+MON]/2) mínimo de 91),$26.89
PL/10186/EXP/ES/2015,INMOBILIARIA CORSAL S.A. DE C.V.,Calzada de La Viga No. 1395,Gasolinas,Regular (con un índice de octano ([RON+MON]/2) mínimo de 87),$24.79
PL/1053/EXP/ES/2015,SÚPER SERVICIO DIAMANTE S.A. DE C.V.,Tolentino No. 10,Diésel,Diésel,$24.39
PL/1053/EXP/ES/2015,SÚPER SERVICIO DIAMANTE S.A. DE C.V.,Tolentino No. 10,Gasolinas,Premium (con contenido mínimo de 92 octanos),$24.79
PL/1053/EXP/ES/2015,SÚPER SERVICIO DIAMANTE S.A. DE C.V.,Tolentino No. 10,Gasolinas,Regular (con contenido menor a 92 octanos),$23.89
PL/10884/EXP/ES/2015,SAN LORENZO TEZONCO S.A. DE C.V.,Calzada San Lorenzo No. 1147,Diésel,Diésel Automotriz [contenido mayor de azufre a 15 mg/kg y contenido máximo de azufre de 500 mg/kg],$24.38
PL/10884/EXP/ES/2015,SAN LORENZO TEZONCO S.A. DE C.V.,Calzada San Lorenzo No. 1147,Gasolinas,Premium (con un índice de octano ([RON+MON]/2) mínimo de 91),$26.48
PL/10884/EXP/ES/2015,SAN LORENZO TEZONCO S.A. DE C.V.,Calzada San Lorenzo No. 1147,Gasolinas,Regular (con un índice de octano ([RON+MON]/2) mínimo de 87),$23.99
PL/10897/EXP/ES/2015,"BP ESTACIONES Y SERVICIOS ENERGETICOS, S.A. DE C.V.",Felix Cuevas No. 435,Gasolinas,Premium (con un índice de octano ([RON+MON]/2) mínimo de 91),$26.99
PL/10897/EXP/ES/2015,"BP ESTACIONES Y SERVICIOS ENERGETICOS, S.A. DE C.V.",Felix Cuevas No. 435,Gasolinas,Regular (con un índice de octano ([RON+MON]/2) mínimo de 87),$24.99
PL/10897/EXP/ES/2015,"BP ESTACIONES Y SERVICIOS ENERGETICOS, S.A. DE C.V.",Felix Cuevas No. 435,Gasolinas,Premium (con un índice de octano ([RON+MON]/2) mínimo de 91),$26.99
PL/10897/EXP/ES/2015,"BP ESTACIONES Y SERVICIOS ENERGETICOS, S.A. DE C.V.",Felix Cuevas No. 435,Gasolinas,Regular (con un índice de octano ([RON+MON]/2) mínimo de 87),$24.99
PL/10897/EXP/ES/2015,"BP ESTACIONES Y SERVICIOS ENERGETICOS, S.A. DE C.V.",Felix Cuevas No. 435,Gasolinas,Premium (con un índice de octano ([RON+MON]/2) mínimo de 91),$26.99
PL/10897/EXP/ES/2015,"BP ESTACIONES Y SERVICIOS ENERGETICOS, S.A. DE C.V.",Felix Cuevas No. 435,Gasolinas,Regular (con un índice de octano ([RON+MON]/2) mínimo de 87),$24.99
PL/10897/EXP/ES/2015,"BP ESTACIONES Y SERVICIOS ENERGETICOS, S.A. DE C.V.",Felix Cuevas No. 435,Gasolinas,Premium (con un índice de octano ([RON+MON]/2) mínimo de 91),$26.99
PL/10897/EXP/ES/2015,"BP ESTACIONES Y SERVICIOS ENERGETICOS, S.A. DE C.V.",Felix Cuevas No. 435,Gasolinas,Regular (con un índice de octano ([RON+MON]/2) mínimo de 87),$24.99
PL/11028/EXP/ES/2015,OPERADORA DE MINIESTACIONES COMBUSERV S.A. DE C.V.,Avenida Javier Rojo Gomez No. 482,Diésel,Diésel,$24.99
PL/11028/EXP/ES/2015,OPERADORA DE MINIESTACIONES COMBUSERV S.A. DE C.V.,Avenida Javier Rojo Gomez No. 482,Gasolinas,Premium (con contenido mínimo de 92 octanos),$25.49
PL/11028/EXP/ES/2015,OPERADORA DE MINIESTACIONES COMBUSERV S.A. DE C.V.,Avenida Javier Rojo Gomez No. 482,Gasolinas,Regular (con contenido menor a 92 octanos),$23.99
PL/1125/EXP/ES/2015,SERVICIO MARVIC S.A. DE C.V.,Calzada Ignacio Zaragoza No. 1350,Diésel,Diésel,$25.29
PL/1125/EXP/ES/2015,SERVICIO MARVIC S.A. DE C.V.,Calzada Ignacio Zaragoza No. 1350,Gasolinas,Premium (con contenido mínimo de 92 octanos),$24.99
PL/1125/EXP/ES/2015,SERVICIO MARVIC S.A. DE C.V.,Calzada Ignacio Zaragoza No. 1350,Gasolinas,Regular (con contenido menor a 92 octanos),$23.69
PL/1140/EXP/ES/2015,EL PABELLÓN MEXICANO S.A. DE C.V.,Canal de San Juan No. 6,Diésel,Diésel,$24.23
PL/1140/EXP/ES/2015,EL PABELLÓN MEXICANO S.A. DE C.V.,Canal de San Juan No. 6,Gasolinas,Premium (con contenido mínimo de 92 octanos),$24.32
PL/1140/EXP/ES/2015,EL PABELLÓN MEXICANO S.A. DE C.V.,Canal de San Juan No. 6,Gasolinas,Regular (con contenido menor a 92 octanos),$23.41
PL/1144/EXP/ES/2015,"GPDC Estaciones de Servicio, S. A. DE C. V.",Calzada de La Viga No. 1112,Gasolinas,Premium (con un índice de octano ([RON+MON]/2) mínimo de 91),$26.99
PL/1144/EXP/ES/2015,"GPDC Estaciones de Servicio, S. A. DE C. V.",Calzada de La Viga No. 1112,Gasolinas,Regular (con un índice de octano ([RON+MON]/2) mínimo de 87),$24.29
PL/1156/EXP/ES/2015,SERVICIO GASOLINERO XOLA S.A. DE C.V.,Boulevard Xola Eje 4 Sur No. 1403,Gasolinas,Premium (con contenido mínimo de 92 octanos),$24.59
PL/1156/EXP/ES/2015,SERVICIO GASOLINERO XOLA S.A. DE C.V.,Boulevard Xola Eje 4 Sur No. 1403,Gasolinas,Regular (con contenido menor a 92 octanos),$22.99
PL/1156/EXP/ES/2015,SERVICIO GASOLINERO XOLA S.A. DE C.V.,Boulevard Xola Eje 4 Sur No. 1403,Gasolinas,Premium (con contenido mínimo de 92 octanos),$24.59
PL/1156/EXP/ES/2015,SERVICIO GASOLINERO XOLA S.A. DE C.V.,Boulevard Xola Eje 4 Sur No. 1403,Gasolinas,Regular (con contenido menor a 92 octanos),$22.99
PL/1156/EXP/ES/2015,SERVICIO GASOLINERO XOLA S.A. DE C.V.,Boulevard Xola Eje 4 Sur No. 1403,Gasolinas,Premium (con contenido mínimo de 92 octanos),$24.59
PL/1156/EXP/ES/2015,SERVICIO GASOLINERO XOLA S.A. DE C.V.,Boulevard Xola Eje 4 Sur No. 1403,Gasolinas,Regular (con contenido menor a 92 octanos),$22.99
PL/1156/EXP/ES/2015,SERVICIO GASOLINERO XOLA S.A. DE C.V.,Boulevard Xola Eje 4 Sur No. 1403,Gasolinas,Premium (con contenido mínimo de 92 octanos),$24.59
PL/1156/EXP/ES/2015,SERVICIO GASOLINERO XOLA S.A. DE C.V.,Boulevard Xola Eje 4 Sur No. 1403,Gasolinas,Regular (con contenido menor a 92 octanos),$22.99
PL/1230/EXP/ES/2015,SERVICIO VÍCTOR HUGO S.A. DE C.V.,Víctor Hugo No. 152,Gasolinas,Premium (con contenido mínimo de 92 octanos),$26.39
PL/1230/EXP/ES/2015,SERVICIO VÍCTOR HUGO S.A. DE C.V.,Víctor Hugo No. 152,Gasolinas,Regular (con contenido menor a 92 octanos),$24.79
PL/1230/EXP/ES/2015,SERVICIO VÍCTOR HUGO S.A. DE C.V.,Víctor Hugo No. 152,Gasolinas,Premium (con contenido mínimo de 92 octanos),$26.39
PL/1230/EXP/ES/2015,SERVICIO VÍCTOR HUGO S.A. DE C.V.,Víctor Hugo No. 152,Gasolinas,Regular (con contenido menor a 92 octanos),$24.79
PL/1230/EXP/ES/2015,SERVICIO VÍCTOR HUGO S.A. DE C.V.,Víctor Hugo No. 152,Gasolinas,Premium (con contenido mínimo de 92 octanos),$26.39
PL/1230/EXP/ES/2015,SERVICIO VÍCTOR HUGO S.A. DE C.V.,Víctor Hugo No. 152,Gasolinas,Regular (con contenido menor a 92 octanos),$24.79
PL/1230/EXP/ES/2015,SERVICIO VÍCTOR HUGO S.A. DE C.V.,Víctor Hugo No. 152,Gasolinas,Premium (con contenido mínimo de 92 octanos),$26.39
PL/1230/EXP/ES/2015,SERVICIO VÍCTOR HUGO S.A. DE C.V.,Víctor Hugo No. 152,Gasolinas,Regular (con contenido menor a 92 octanos),$24.79
PL/12765/EXP/ES/2015,COMBUSTIBLES ERMITA S.A. DE C.V.,Avenida Javier Rojo Gomez N0. 311,Diésel,Diésel,$24.59
PL/12765/EXP/ES/2015,COMBUSTIBLES ERMITA S.A. DE C.V.,Avenida Javier Rojo Gomez N0. 311,Gasolinas,Premium (con contenido mínimo de 92 octanos),$24.49
PL/12765/EXP/ES/2015,COMBUSTIBLES ERMITA S.A. DE C.V.,Avenida Javier Rojo Gomez N0. 311,Gasolinas,Regular (con contenido menor a 92 octanos),$23.14
PL/1447/EXP/ES/2015,OPERADORA ERMITA S.A. DE C.V.,Calzada Ermita Iztapalapa No. 205,Diésel,Diésel Automotriz [contenido mayor de azufre a 15 mg/kg y contenido máximo de azufre de 500 mg/kg],$24.99
PL/1447/EXP/ES/2015,OPERADORA ERMITA S.A. DE C.V.,Calzada Ermita Iztapalapa No. 205,Gasolinas,Premium (con un índice de octano ([RON+MON]/2) mínimo de 91),$24.99
PL/1447/EXP/ES/2015,OPERADORA ERMITA S.A. DE C.V.,Calzada Ermita Iztapalapa No. 205,Gasolinas,Regular (con un índice de octano ([RON+MON]/2) mínimo de 87),$23.89
PL/1466/EXP/ES/2015,"GPDC Estaciones de Servicio, S. A. DE C. V.",Avenida Cuauhtémoc No. 1037,Gasolinas,Premium (con un índice de octano ([RON+MON]/2) mínimo de 91),$26.99
PL/1466/EXP/ES/2015,"GPDC Estaciones de Servicio, S. A. DE C. V.",Avenida Cuauhtémoc No. 1037,Gasolinas,Regular (con un índice de octano ([RON+MON]/2) mínimo de 87),$24.09
PL/1466/EXP/ES/2015,"GPDC Estaciones de Servicio, S. A. DE C. V.",Avenida Cuauhtémoc No. 1037,Gasolinas,Premium (con un índice de octano ([RON+MON]/2) mínimo de 91),$26.99
PL/1466/EXP/ES/2015,"GPDC Estaciones de Servicio, S. A. DE C. V.",Avenida Cuauhtémoc No. 1037,Gasolinas,Regular (con un índice de octano ([RON+MON]/2) mínimo de 87),$24.09
PL/1466/EXP/ES/2015,"GPDC Estaciones de Servicio, S. A. DE C. V.",Avenida Cuauhtémoc No. 1037,Gasolinas,Premium (con un índice de octano ([RON+MON]/2) mínimo de 91),$26.99
PL/1466/EXP/ES/2015,"GPDC Estaciones de Servicio, S. A. DE C. V.",Avenida Cuauhtémoc No. 1037,Gasolinas,Regular (con un índice de octano ([RON+MON]/2) mínimo de 87),$24.09
PL/1466/EXP/ES/2015,"GPDC Estaciones de Servicio, S. A. DE C. V.",Avenida Cuauhtémoc No. 1037,Gasolinas,Premium (con un índice de octano ([RON+MON]/2) mínimo de 91),$26.99
PL/1466/EXP/ES/2015,"GPDC Estaciones de Servicio, S. A. DE C. V.",Avenida Cuauhtémoc No. 1037,Gasolinas,Regular (con un índice de octano ([RON+MON]/2) mínimo de 87),$24.09
PL/1613/EXP/ES/2015,SERVICIO AUTOMOTRIZ INSURGENTES S.A. DE C.V.,Avenida Insurgentes Sur No. 1428,Gasolinas,Premium (con contenido mínimo de 92 octanos),$26.49
PL/1613/EXP/ES/2015,SERVICIO AUTOMOTRIZ INSURGENTES S.A. DE C.V.,Avenida Insurgentes Sur No. 1428,Gasolinas,Regular (con contenido menor a 92 octanos),$24.99
PL/1613/EXP/ES/2015,SERVICIO AUTOMOTRIZ INSURGENTES S.A. DE C.V.,Avenida Insurgentes Sur No. 1428,Gasolinas,Premium (con contenido mínimo de 92 octanos),$26.49
PL/1613/EXP/ES/2015,SERVICIO AUTOMOTRIZ INSURGENTES S.A. DE C.V.,Avenida Insurgentes Sur No. 1428,Gasolinas,Regular (con contenido menor a 92 octanos),$24.99
PL/1613/EXP/ES/2015,SERVICIO AUTOMOTRIZ INSURGENTES S.A. DE C.V.,Avenida Insurgentes Sur No. 1428,Gasolinas,Premium (con contenido mínimo de 92 octanos),$26.49
PL/1613/EXP/ES/2015,SERVICIO AUTOMOTRIZ INSURGENTES S.A. DE C.V.,Avenida Insurgentes Sur No. 1428,Gasolinas,Regular (con contenido menor a 92 octanos),$24.99
PL/1613/EXP/ES/2015,SERVICIO AUTOMOTRIZ INSURGENTES S.A. DE C.V.,Avenida Insurgentes Sur No. 1428,Gasolinas,Premium (con contenido mínimo de 92 octanos),$26.49
PL/1613/EXP/ES/2015,SERVICIO AUTOMOTRIZ INSURGENTES S.A. DE C.V.,Avenida Insurgentes Sur No. 1428,Gasolinas,Regular (con contenido menor a 92 octanos),$24.99
PL/1768/EXP/ES/2015,SERVICIO ERMITA S.A. DE C.V.,Calzada de Tlalpan No. 1577,Diésel,Diésel,$24.84
PL/1768/EXP/ES/2015,SERVICIO ERMITA S.A. DE C.V.,Calzada de Tlalpan No. 1577,Gasolinas,Premium (con contenido mínimo de 92 octanos),$24.88
PL/1768/EXP/ES/2015,SERVICIO ERMITA S.A. DE C.V.,Calzada de Tlalpan No. 1577,Gasolinas,Regular (con contenido menor a 92 octanos),$23.48
PL/1768/EXP/ES/2015,SERVICIO ERMITA S.A. DE C.V.,Calzada de Tlalpan No. 1577,Diésel,Diésel,$24.84
PL/1768/EXP/ES/2015,SERVICIO ERMITA S.A. DE C.V.,Calzada de Tlalpan No. 1577,Gasolinas,Premium (con contenido mínimo de 92 octanos),$24.88
PL/1768/EXP/ES/2015,SERVICIO ERMITA S.A. DE C.V.,Calzada de Tlalpan No. 1577,Gasolinas,Regular (con contenido menor a 92 octanos),$23.48
PL/1768/EXP/ES/2015,SERVICIO ERMITA S.A. DE C.V.,Calzada de Tlalpan No. 1577,Diésel,Diésel,$24.84
PL/1768/EXP/ES/2015,SERVICIO ERMITA S.A. DE C.V.,Calzada de Tlalpan No. 1577,Gasolinas,Premium (con contenido mínimo de 92 octanos),$24.88
PL/1768/EXP/ES/2015,SERVICIO ERMITA S.A. DE C.V.,Calzada de Tlalpan No. 1577,Gasolinas,Regular (con contenido menor a 92 octanos),$23.48
PL/1768/EXP/ES/2015,SERVICIO ERMITA S.A. DE C.V.,Calzada de Tlalpan No. 1577,Diésel,Diésel,$24.84
PL/1768/EXP/ES/2015,SERVICIO ERMITA S.A. DE C.V.,Calzada de Tlalpan No. 1577,Gasolinas,Premium (con contenido mínimo de 92 octanos),$24.88
PL/1768/EXP/ES/2015,SERVICIO ERMITA S.A. DE C.V.,Calzada de Tlalpan No. 1577,Gasolinas,Regular (con contenido menor a 92 octanos),$23.48
PL/1781/EXP/ES/2015,SERVICIOS ESTRELLA S.A. DE C.V.,Calzada Ermita Iztapalapa No. 1565,Diésel,Diésel,$24.99
PL/1781/EXP/ES/2015,SERVICIOS ESTRELLA S.A. DE C.V.,Calzada Ermita Iztapalapa No. 1565,Gasolinas,Premium (con contenido mínimo de 92 octanos),$25.19
PL/1781/EXP/ES/2015,SERVICIOS ESTRELLA S.A. DE C.V.,Calzada Ermita Iztapalapa No. 1565,Gasolinas,Regular (con contenido menor a 92 octanos),$24.19
PL/1835/EXP/ES/2015,SERVICIO TERREMOTES S.A. DE C.V.,Calzada Ermita Iztapalapa No. 2120,Diésel,Diésel Automotriz [contenido mayor de azufre a 15 mg/kg y contenido máximo de azufre de 500 mg/kg],$24.99
PL/1835/EXP/ES/2015,SERVICIO TERREMOTES S.A. DE C.V.,Calzada Ermita Iztapalapa No. 2120,Gasolinas,Premium (con contenido mínimo de 92 octanos),$25.19
PL/1835/EXP/ES/2015,SERVICIO TERREMOTES S.A. DE C.V.,Calzada Ermita Iztapalapa No. 2120,Gasolinas,Regular (con contenido menor a 92 octanos),$24.19
PL/1880/EXP/ES/2015,SERVICIO NUEVA ROSITA S.A. DE C.V.,Contadores No. 20,Gasolina,Premium (con un índice de octano ([RON+MON]/2) mínimo de 91),$25.99
PL/1880/EXP/ES/2015,SERVICIO NUEVA ROSITA S.A. DE C.V.,Contadores No. 20,Gasolina,Regular (con un índice de octano ([RON+MON]/2) mínimo de 87),$24.59
PL/1973/EXP/ES/2015,JAPI S.A. DE C.V.,Calzada Ignacio Zaragoza No. 1900,Gasolinas,Premium (con un índice de octano ([RON+MON]/2) mínimo de 91),$24.66
PL/1973/EXP/ES/2015,JAPI S.A. DE C.V.,Calzada Ignacio Zaragoza No. 1900,Gasolinas,Regular (con un índice de octano ([RON+MON]/2) mínimo de 87),$23.66
PL/2094/EXP/ES/2015,MARÍA ARACELI ALEMAN SOLIS,Obrero Mundial No. 133,Gasolinas,Premium (con contenido mínimo de 92 octanos),$25.89
PL/2094/EXP/ES/2015,MARÍA ARACELI ALEMAN SOLIS,Obrero Mundial No. 133,Gasolinas,Regular (con contenido menor a 92 octanos),$23.79
PL/2094/EXP/ES/2015,MARÍA ARACELI ALEMAN SOLIS,Obrero Mundial No. 133,Gasolinas,Premium (con contenido mínimo de 92 octanos),$25.89
PL/2094/EXP/ES/2015,MARÍA ARACELI ALEMAN SOLIS,Obrero Mundial No. 133,Gasolinas,Regular (con contenido menor a 92 octanos),$23.79
PL/2094/EXP/ES/2015,MARÍA ARACELI ALEMAN SOLIS,Obrero Mundial No. 133,Gasolinas,Premium (con contenido mínimo de 92 octanos),$25.89
PL/2094/EXP/ES/2015,MARÍA ARACELI ALEMAN SOLIS,Obrero Mundial No. 133,Gasolinas,Regular (con contenido menor a 92 octanos),$23.79
PL/2094/EXP/ES/2015,MARÍA ARACELI ALEMAN SOLIS,Obrero Mundial No. 133,Gasolinas,Premium (con contenido mínimo de 92 octanos),$25.89
PL/2094/EXP/ES/2015,MARÍA ARACELI ALEMAN SOLIS,Obrero Mundial No. 133,Gasolinas,Regular (con contenido menor a 92 octanos),$23.79
PL/2207/EXP/ES/2015,SERVICIO LEYES DE REFORMA S.A. DE C.V.,Canal de Tezontle No. 2623,Gasolinas,Premium (con contenido mínimo de 92 octanos),$24.29
PL/2207/EXP/ES/2015,SERVICIO LEYES DE REFORMA S.A. DE C.V.,Canal de Tezontle No. 2623,Gasolinas,Regular (con contenido menor a 92 octanos),$22.79
PL/22629/EXP/ES/2019,"SANTA MARÍA AZTAHUACAN, S.A. DE C.V.",AV. DE LAS TORRES NÚMERO 4,Diésel,Diésel Automotriz [contenido mayor de azufre a 15 mg/kg y contenido máximo de azufre de 500 mg/kg],$25.49
PL/22629/EXP/ES/2019,"SANTA MARÍA AZTAHUACAN, S.A. DE C.V.",AV. DE LAS TORRES NÚMERO 4,Gasolinas,Premium (con un índice de octano ([RON+MON]/2) mínimo de 91),$25.99
PL/22629/EXP/ES/2019,"SANTA MARÍA AZTAHUACAN, S.A. DE C.V.",AV. DE LAS TORRES NÚMERO 4,Gasolinas,Regular (con un índice de octano ([RON+MON]/2) mínimo de 87),$24.59
PL/24407/EXP/ES/2022,"CR 88, S.A.P.I. DE C.V.","Calle Dr. Vertiz, número 640",Gasolinas,Premium (con un índice de octano ([RON+MON]/2) mínimo de 91),$26.49
PL/24407/EXP/ES/2022,"CR 88, S.A.P.I. DE C.V.","Calle Dr. Vertiz, número 640",Gasolinas,Regular (con un índice de octano ([RON+MON]/2) mínimo de 87),$24.49
PL/24407/EXP/ES/2022,"CR 88, S.A.P.I. DE C.V.","Calle Dr. Vertiz, número 640",Gasolinas,Premium (con un índice de octano ([RON+MON]/2) mínimo de 91),$26.49
PL/24407/EXP/ES/2022,"CR 88, S.A.P.I. DE C.V.","Calle Dr. Vertiz, número 640",Gasolinas,Regular (con un índice de octano ([RON+MON]/2) mínimo de 87),$24.49
PL/24407/EXP/ES/2022,"CR 88, S.A.P.I. DE C.V.","Calle Dr. Vertiz, número 640",Gasolinas,Premium (con un índice de octano ([RON+MON]/2) mínimo de 91),$26.49
PL/24407/EXP/ES/2022,"CR 88, S.A.P.I. DE C.V.","Calle Dr. Vertiz, número 640",Gasolinas,Regular (con un índice de octano ([RON+MON]/2) mínimo de 87),$24.49
PL/24407/EXP/ES/2022,"CR 88, S.A.P.I. DE C.V.","Calle Dr. Vertiz, número 640",Gasolinas,Premium (con un índice de octano ([RON+MON]/2) mínimo de 91),$26.49
PL/24407/EXP/ES/2022,"CR 88, S.A.P.I. DE C.V.","Calle Dr. Vertiz, número 640",Gasolinas,Regular (con un índice de octano ([RON+MON]/2) mínimo de 87),$24.49
PL/2443/EXP/ES/2015,GRUPO MACRUZ S.A. DE C.V.,Cumbres de Maltrata No. 462,Diésel,Diésel,$24.99
PL/2443/EXP/ES/2015,GRUPO MACRUZ S.A. DE C.V.,Cumbres de Maltrata No. 462,Gasolinas,Premium (con contenido mínimo de 92 octanos),$25.99
PL/2443/EXP/ES/2015,GRUPO MACRUZ S.A. DE C.V.,Cumbres de Maltrata No. 462,Gasolinas,Regular (con contenido menor a 92 octanos),$24.29
PL/2443/EXP/ES/2015,GRUPO MACRUZ S.A. DE C.V.,Cumbres de Maltrata No. 462,Diésel,Diésel,$24.99
PL/2443/EXP/ES/2015,GRUPO MACRUZ S.A. DE C.V.,Cumbres de Maltrata No. 462,Gasolinas,Premium (con contenido mínimo de 92 octanos),$25.99
PL/2443/EXP/ES/2015,GRUPO MACRUZ S.A. DE C.V.,Cumbres de Maltrata No. 462,Gasolinas,Regular (con contenido menor a 92 octanos),$24.29
PL/2443/EXP/ES/2015,GRUPO MACRUZ S.A. DE C.V.,Cumbres de Maltrata No. 462,Diésel,Diésel,$24.99
PL/2443/EXP/ES/2015,GRUPO MACRUZ S.A. DE C.V.,Cumbres de Maltrata No. 462,Gasolinas,Premium (con contenido mínimo de 92 octanos),$25.99
PL/2443/EXP/ES/2015,GRUPO MACRUZ S.A. DE C.V.,Cumbres de Maltrata No. 462,Gasolinas,Regular (con contenido menor a 92 octanos),$24.29
PL/2443/EXP/ES/2015,GRUPO MACRUZ S.A. DE C.V.,Cumbres de Maltrata No. 462,Diésel,Diésel,$24.99
PL/2443/EXP/ES/2015,GRUPO MACRUZ S.A. DE C.V.,Cumbres de Maltrata No. 462,Gasolinas,Premium (con contenido mínimo de 92 octanos),$25.99
PL/2443/EXP/ES/2015,GRUPO MACRUZ S.A. DE C.V.,Cumbres de Maltrata No. 462,Gasolinas,Regular (con contenido menor a 92 octanos),$24.29
PL/24484/EXP/ES/2022,SERVICIO ROGOSA S.A. DE C.V.,AVENIDA GUELATAO 156,Diésel,Diésel Automotriz [contenido mayor de azufre a 15 mg/kg y contenido máximo de azufre de 500 mg/kg],$23.99
PL/24484/EXP/ES/2022,SERVICIO ROGOSA S.A. DE C.V.,AVENIDA GUELATAO 156,Gasolinas,Premium (con un índice de octano ([RON+MON]/2) mínimo de 91),$24.49
PL/24484/EXP/ES/2022,SERVICIO ROGOSA S.A. DE C.V.,AVENIDA GUELATAO 156,Gasolinas,Regular (con un índice de octano ([RON+MON]/2) mínimo de 87),$23.85
PL/2468/EXP/ES/2015,GASOLINERÍA MURCIA S.A. DE C.V.,Avenida Revolución No. 847,Diésel,Diésel,$24.89
PL/2468/EXP/ES/2015,GASOLINERÍA MURCIA S.A. DE C.V.,Avenida Revolución No. 847,Gasolinas,Premium (con contenido mínimo de 92 octanos),$26.59
PL/2468/EXP/ES/2015,GASOLINERÍA MURCIA S.A. DE C.V.,Avenida Revolución No. 847,Gasolinas,Regular (con contenido menor a 92 octanos),$23.99
PL/2468/EXP/ES/2015,GASOLINERÍA MURCIA S.A. DE C.V.,Avenida Revolución No. 847,Diésel,Diésel,$24.89
PL/2468/EXP/ES/2015,GASOLINERÍA MURCIA S.A. DE C.V.,Avenida Revolución No. 847,Gasolinas,Premium (con contenido mínimo de 92 octanos),$26.59
PL/2468/EXP/ES/2015,GASOLINERÍA MURCIA S.A. DE C.V.,Avenida Revolución No. 847,Gasolinas,Regular (con contenido menor a 92 octanos),$23.99
PL/2468/EXP/ES/2015,GASOLINERÍA MURCIA S.A. DE C.V.,Avenida Revolución No. 847,Diésel,Diésel,$24.89
PL/2468/EXP/ES/2015,GASOLINERÍA MURCIA S.A. DE C.V.,Avenida Revolución No. 847,Gasolinas,Premium (con contenido mínimo de 92 octanos),$26.59
PL/2468/EXP/ES/2015,GASOLINERÍA MURCIA S.A. DE C.V.,Avenida Revolución No. 847,Gasolinas,Regular (con contenido menor a 92 octanos),$23.99
PL/2468/EXP/ES/2015,GASOLINERÍA MURCIA S.A. DE C.V.,Avenida Revolución No. 847,Diésel,Diésel,$24.89
PL/2468/EXP/ES/2015,GASOLINERÍA MURCIA S.A. DE C.V.,Avenida Revolución No. 847,Gasolinas,Premium (con contenido mínimo de 92 octanos),$26.59
PL/2468/EXP/ES/2015,GASOLINERÍA MURCIA S.A. DE C.V.,Avenida Revolución No. 847,Gasolinas,Regular (con contenido menor a 92 octanos),$23.99
PL/25131/EXP/ES/2023,"CR 88, S.A.P.I. DE C.V.",Calzada de Tlalpan No. 842,Gasolinas,Premium (con un índice de octano ([RON+MON]/2) mínimo de 91),$25.99
PL/25131/EXP/ES/2023,"CR 88, S.A.P.I. DE C.V.",Calzada de Tlalpan No. 842,Gasolinas,Regular (con un índice de octano ([RON+MON]/2) mínimo de 87),$24.39
PL/25131/EXP/ES/2023,"CR 88, S.A.P.I. DE C.V.",Calzada de Tlalpan No. 842,Gasolinas,Premium (con un índice de octano ([RON+MON]/2) mínimo de 91),$25.99
PL/25131/EXP/ES/2023,"CR 88, S.A.P.I. DE C.V.",Calzada de Tlalpan No. 842,Gasolinas,Regular (con un índice de octano ([RON+MON]/2) mínimo de 87),$24.39
PL/25131/EXP/ES/2023,"CR 88, S.A.P.I. DE C.V.",Calzada de Tlalpan No. 842,Gasolinas,Premium (con un índice de octano ([RON+MON]/2) mínimo de 91),$25.99
PL/25131/EXP/ES/2023,"CR 88, S.A.P.I. DE C.V.",Calzada de Tlalpan No. 842,Gasolinas,Regular (con un índice de octano ([RON+MON]/2) mínimo de 87),$24.39
PL/25131/EXP/ES/2023,"CR 88, S.A.P.I. DE C.V.",Calzada de Tlalpan No. 842,Gasolinas,Premium (con un índice de octano ([RON+MON]/2) mínimo de 91),$25.99
PL/25131/EXP/ES/2023,"CR 88, S.A.P.I. DE C.V.",Calzada de Tlalpan No. 842,Gasolinas,Regular (con un índice de octano ([RON+MON]/2) mínimo de 87),$24.39
PL/2600/EXP/ES/2015,SÚPER SERVICIO PERIFÉRICO S.A. DE C.V.,Avenida Michoacán No. 20,Diésel,Diésel Automotriz [contenido mayor de azufre a 15 mg/kg y contenido máximo de azufre de 500 mg/kg],$24.39
PL/2600/EXP/ES/2015,SÚPER SERVICIO PERIFÉRICO S.A. DE C.V.,Avenida Michoacán No. 20,Gasolinas,Premium (con un índice de octano ([RON+MON]/2) mínimo de 91),$24.69
PL/2600/EXP/ES/2015,SÚPER SERVICIO PERIFÉRICO S.A. DE C.V.,Avenida Michoacán No. 20,Gasolinas,Regular (con un índice de octano ([RON+MON]/2) mínimo de 87),$23.49
PL/2612/EXP/ES/2015,GASOLINERIA PAGA S.A. DE C.V.,Avenida Ignacio Zaragoza No. 2608,Gasolinas,Premium (con contenido mínimo de 92 octanos),$24.99
PL/2612/EXP/ES/2015,GASOLINERIA PAGA S.A. DE C.V.,Avenida Ignacio Zaragoza No. 2608,Gasolinas,Regular (con contenido menor a 92 octanos),$23.63
PL/2789/EXP/ES/2015,LENIGAS S.A. DE C.V.,Xola No. 732,Diésel,Diésel,$24.90
PL/2789/EXP/ES/2015,LENIGAS S.A. DE C.V.,Xola No. 732,Gasolinas,Premium (con contenido mínimo de 92 octanos),$24.50
PL/2789/EXP/ES/2015,LENIGAS S.A. DE C.V.,Xola No. 732,Gasolinas,Regular (con contenido menor a 92 octanos),$22.90
PL/2789/EXP/ES/2015,LENIGAS S.A. DE C.V.,Xola No. 732,Diésel,Diésel,$24.90
PL/2789/EXP/ES/2015,LENIGAS S.A. DE C.V.,Xola No. 732,Gasolinas,Premium (con contenido mínimo de 92 octanos),$24.50
PL/2789/EXP/ES/2015,LENIGAS S.A. DE C.V.,Xola No. 732,Gasolinas,Regular (con contenido menor a 92 octanos),$22.90
PL/2789/EXP/ES/2015,LENIGAS S.A. DE C.V.,Xola No. 732,Diésel,Diésel,$24.90
PL/2789/EXP/ES/2015,LENIGAS S.A. DE C.V.,Xola No. 732,Gasolinas,Premium (con contenido mínimo de 92 octanos),$24.50
PL/2789/EXP/ES/2015,LENIGAS S.A. DE C.V.,Xola No. 732,Gasolinas,Regular (con contenido menor a 92 octanos),$22.90
PL/2789/EXP/ES/2015,LENIGAS S.A. DE C.V.,Xola No. 732,Diésel,Diésel,$24.90
PL/2789/EXP/ES/2015,LENIGAS S.A. DE C.V.,Xola No. 732,Gasolinas,Premium (con contenido mínimo de 92 octanos),$24.50
PL/2789/EXP/ES/2015,LENIGAS S.A. DE C.V.,Xola No. 732,Gasolinas,Regular (con contenido menor a 92 octanos),$22.90
PL/2901/EXP/ES/2015,SERVICIO REVOLUCIÓN 0036 S.A. DE C.V.,Avenida Revolución No. 420,Gasolinas,Premium (con un índice de octano ([RON+MON]/2) mínimo de 91),$26.99
PL/2901/EXP/ES/2015,SERVICIO REVOLUCIÓN 0036 S.A. DE C.V.,Avenida Revolución No. 420,Gasolinas,Regular (con un índice de octano ([RON+MON]/2) mínimo de 87),$24.99
PL/2901/EXP/ES/2015,SERVICIO REVOLUCIÓN 0036 S.A. DE C.V.,Avenida Revolución No. 420,Gasolinas,Premium (con un índice de octano ([RON+MON]/2) mínimo de 91),$26.99
PL/2901/EXP/ES/2015,SERVICIO REVOLUCIÓN 0036 S.A. DE C.V.,Avenida Revolución No. 420,Gasolinas,Regular (con un índice de octano ([RON+MON]/2) mínimo de 87),$24.99
PL/2901/EXP/ES/2015,SERVICIO REVOLUCIÓN 0036 S.A. DE C.V.,Avenida Revolución No. 420,Gasolinas,Premium (con un índice de octano ([RON+MON]/2) mínimo de 91),$26.99
PL/2901/EXP/ES/2015,SERVICIO REVOLUCIÓN 0036 S.A. DE C.V.,Avenida Revolución No. 420,Gasolinas,Regular (con un índice de octano ([RON+MON]/2) mínimo de 87),$24.99
PL/2901/EXP/ES/2015,SERVICIO REVOLUCIÓN 0036 S.A. DE C.V.,Avenida Revolución No. 420,Gasolinas,Premium (con un índice de octano ([RON+MON]/2) mínimo de 91),$26.99
PL/2901/EXP/ES/2015,SERVICIO REVOLUCIÓN 0036 S.A. DE C.V.,Avenida Revolución No. 420,Gasolinas,Regular (con un índice de octano ([RON+MON]/2) mínimo de 87),$24.99
PL/2904/EXP/ES/2015,SERVICIO LOS TRES COMPADRES S.A. DE C.V.,Avenida Leyes de Reforma No. 57,Diésel,Diésel Automotriz [contenido mayor de azufre a 15 mg/kg y contenido máximo de azufre de 500 mg/kg],$24.59
PL/2904/EXP/ES/2015,SERVICIO LOS TRES COMPADRES S.A. DE C.V.,Avenida Leyes de Reforma No. 57,Gasolinas,Premium (con un índice de octano ([RON+MON]/2) mínimo de 91),$24.89
PL/2904/EXP/ES/2015,SERVICIO LOS TRES COMPADRES S.A. DE C.V.,Avenida Leyes de Reforma No. 57,Gasolinas,Regular (con un índice de octano ([RON+MON]/2) mínimo de 87),$23.49
PL/2951/EXP/ES/2015,CONSORCIO GASOLINERA CENTRAL IV S.A. DE C.V.,Avenida Javier Rojo Gómez No. 645,Diésel,Diésel,$24.59
PL/2951/EXP/ES/2015,CONSORCIO GASOLINERA CENTRAL IV S.A. DE C.V.,Avenida Javier Rojo Gómez No. 645,Gasolinas,Premium (con contenido mínimo de 92 octanos),$24.79
PL/2951/EXP/ES/2015,CONSORCIO GASOLINERA CENTRAL IV S.A. DE C.V.,Avenida Javier Rojo Gómez No. 645,Gasolinas,Regular (con contenido menor a 92 octanos),$23.19
PL/3059/EXP/ES/2015,BENZINA S.A. DE C.V.,Boulevard Adolfo López Mateos No. 315,Gasolinas,Premium (con un índice de octano ([RON+MON]/2) mínimo de 91),$25.75
PL/3059/EXP/ES/2015,BENZINA S.A. DE C.V.,Boulevard Adolfo López Mateos No. 315,Gasolinas,Regular (con un índice de octano ([RON+MON]/2) mínimo de 87),$23.94
PL/3059/EXP/ES/2015,BENZINA S.A. DE C.V.,Boulevard Adolfo López Mateos No. 315,Gasolinas,Premium (con un índice de octano ([RON+MON]/2) mínimo de 91),$25.75
PL/3059/EXP/ES/2015,BENZINA S.A. DE C.V.,Boulevard Adolfo López Mateos No. 315,Gasolinas,Regular (con un índice de octano ([RON+MON]/2) mínimo de 87),$23.94
PL/3059/EXP/ES/2015,BENZINA S.A. DE C.V.,Boulevard Adolfo López Mateos No. 315,Gasolinas,Premium (con un índice de octano ([RON+MON]/2) mínimo de 91),$25.75
PL/3059/EXP/ES/2015,BENZINA S.A. DE C.V.,Boulevard Adolfo López Mateos No. 315,Gasolinas,Regular (con un índice de octano ([RON+MON]/2) mínimo de 87),$23.94
PL/3059/EXP/ES/2015,BENZINA S.A. DE C.V.,Boulevard Adolfo López Mateos No. 315,Gasolinas,Premium (con un índice de octano ([RON+MON]/2) mínimo de 91),$25.75
PL/3059/EXP/ES/2015,BENZINA S.A. DE C.V.,Boulevard Adolfo López Mateos No. 315,Gasolinas,Regular (con un índice de octano ([RON+MON]/2) mínimo de 87),$23.94
PL/3151/EXP/ES/2015,SERVICIO MIRAMONTES S. A.,Avenida Plutarco Elías Calles No. 1637,Gasolinas,Premium (con contenido mínimo de 92 octanos),$24.69
PL/3151/EXP/ES/2015,SERVICIO MIRAMONTES S. A.,Avenida Plutarco Elías Calles No. 1637,Gasolinas,Regular (con contenido menor a 92 octanos),$23.49
PL/3151/EXP/ES/2015,SERVICIO MIRAMONTES S. A.,Avenida Plutarco Elías Calles No. 1637,Gasolinas,Premium (con contenido mínimo de 92 octanos),$24.69
PL/3151/EXP/ES/2015,SERVICIO MIRAMONTES S. A.,Avenida Plutarco Elías Calles No. 1637,Gasolinas,Regular (con contenido menor a 92 octanos),$23.49
PL/3151/EXP/ES/2015,SERVICIO MIRAMONTES S. A.,Avenida Plutarco Elías Calles No. 1637,Gasolinas,Premium (con contenido mínimo de 92 octanos),$24.69
PL/3151/EXP/ES/2015,SERVICIO MIRAMONTES S. A.,Avenida Plutarco Elías Calles No. 1637,Gasolinas,Regular (con contenido menor a 92 octanos),$23.49
PL/3151/EXP/ES/2015,SERVICIO MIRAMONTES S. A.,Avenida Plutarco Elías Calles No. 1637,Gasolinas,Premium (con contenido mínimo de 92 octanos),$24.69
PL/3151/EXP/ES/2015,SERVICIO MIRAMONTES S. A.,Avenida Plutarco Elías Calles No. 1637,Gasolinas,Regular (con contenido menor a 92 octanos),$23.49
PL/3188/EXP/ES/2015,GAS ABASTO S.A. DE C.V.,Canal de Río Churubusco No. 2,Diésel,Diésel,$24.99
PL/3188/EXP/ES/2015,GAS ABASTO S.A. DE C.V.,Canal de Río Churubusco No. 2,Gasolinas,Premium (con contenido mínimo de 92 octanos),$25.29
PL/3188/EXP/ES/2015,GAS ABASTO S.A. DE C.V.,Canal de Río Churubusco No. 2,Gasolinas,Regular (con contenido menor a 92 octanos),$24.29
PL/3202/EXP/ES/2015,CONSORCIO GASOLINERO PLUS S.A. DE C.V.,Alfonso Y Xola No. 18,Gasolinas,Premium (con contenido mínimo de 92 octanos),$24.89
PL/3202/EXP/ES/2015,CONSORCIO GASOLINERO PLUS S.A. DE C.V.,Alfonso Y Xola No. 18,Gasolinas,Regular (con contenido menor a 92 octanos),$23.29
PL/3202/EXP/ES/2015,CONSORCIO GASOLINERO PLUS S.A. DE C.V.,Alfonso Y Xola No. 18,Gasolinas,Premium (con contenido mínimo de 92 octanos),$24.89
PL/3202/EXP/ES/2015,CONSORCIO GASOLINERO PLUS S.A. DE C.V.,Alfonso Y Xola No. 18,Gasolinas,Regular (con contenido menor a 92 octanos),$23.29
PL/3202/EXP/ES/2015,CONSORCIO GASOLINERO PLUS S.A. DE C.V.,Alfonso Y Xola No. 18,Gasolinas,Premium (con contenido mínimo de 92 octanos),$24.89
PL/3202/EXP/ES/2015,CONSORCIO GASOLINERO PLUS S.A. DE C.V.,Alfonso Y Xola No. 18,Gasolinas,Regular (con contenido menor a 92 octanos),$23.29
PL/3202/EXP/ES/2015,CONSORCIO GASOLINERO PLUS S.A. DE C.V.,Alfonso Y Xola No. 18,Gasolinas,Premium (con contenido mínimo de 92 octanos),$24.89
PL/3202/EXP/ES/2015,CONSORCIO GASOLINERO PLUS S.A. DE C.V.,Alfonso Y Xola No. 18,Gasolinas,Regular (con contenido menor a 92 octanos),$23.29
PL/3204/EXP/ES/2015,CONSORCIO GASOLINERO PLUS S.A. DE C.V.,Calzada de Tlalpan No. 1395,Gasolinas,Premium (con contenido mínimo de 92 octanos),$26.39
PL/3204/EXP/ES/2015,CONSORCIO GASOLINERO PLUS S.A. DE C.V.,Calzada de Tlalpan No. 1395,Gasolinas,Regular (con contenido menor a 92 octanos),$23.99
PL/3204/EXP/ES/2015,CONSORCIO GASOLINERO PLUS S.A. DE C.V.,Calzada de Tlalpan No. 1395,Gasolinas,Premium (con contenido mínimo de 92 octanos),$26.39
PL/3204/EXP/ES/2015,CONSORCIO GASOLINERO PLUS S.A. DE C.V.,Calzada de Tlalpan No. 1395,Gasolinas,Regular (con contenido menor a 92 octanos),$23.99
PL/3204/EXP/ES/2015,CONSORCIO GASOLINERO PLUS S.A. DE C.V.,Calzada de Tlalpan No. 1395,Gasolinas,Premium (con contenido mínimo de 92 octanos),$26.39
PL/3204/EXP/ES/2015,CONSORCIO GASOLINERO PLUS S.A. DE C.V.,Calzada de Tlalpan No. 1395,Gasolinas,Regular (con contenido menor a 92 octanos),$23.99
PL/3204/EXP/ES/2015,CONSORCIO GASOLINERO PLUS S.A. DE C.V.,Calzada de Tlalpan No. 1395,Gasolinas,Premium (con contenido mínimo de 92 octanos),$26.39
PL/3204/EXP/ES/2015,CONSORCIO GASOLINERO PLUS S.A. DE C.V.,Calzada de Tlalpan No. 1395,Gasolinas,Regular (con contenido menor a 92 octanos),$23.99
PL/3279/EXP/ES/2015,SERVICIO DAKOTA S.A. DE C.V.,Avenida Dakota No. 56,Gasolinas,Premium (con un índice de octano ([RON+MON]/2) mínimo de 91),$25.85
PL/3279/EXP/ES/2015,SERVICIO DAKOTA S.A. DE C.V.,Avenida Dakota No. 56,Gasolinas,Regular (con un índice de octano ([RON+MON]/2) mínimo de 87),$23.85
PL/3279/EXP/ES/2015,SERVICIO DAKOTA S.A. DE C.V.,Avenida Dakota No. 56,Gasolinas,Premium (con un índice de octano ([RON+MON]/2) mínimo de 91),$25.85
PL/3279/EXP/ES/2015,SERVICIO DAKOTA S.A. DE C.V.,Avenida Dakota No. 56,Gasolinas,Regular (con un índice de octano ([RON+MON]/2) mínimo de 87),$23.85
PL/3279/EXP/ES/2015,SERVICIO DAKOTA S.A. DE C.V.,Avenida Dakota No. 56,Gasolinas,Premium (con un índice de octano ([RON+MON]/2) mínimo de 91),$25.85
PL/3279/EXP/ES/2015,SERVICIO DAKOTA S.A. DE C.V.,Avenida Dakota No. 56,Gasolinas,Regular (con un índice de octano ([RON+MON]/2) mínimo de 87),$23.85
PL/3279/EXP/ES/2015,SERVICIO DAKOTA S.A. DE C.V.,Avenida Dakota No. 56,Gasolinas,Premium (con un índice de octano ([RON+MON]/2) mínimo de 91),$25.85
PL/3279/EXP/ES/2015,SERVICIO DAKOTA S.A. DE C.V.,Avenida Dakota No. 56,Gasolinas,Regular (con un índice de octano ([RON+MON]/2) mínimo de 87),$23.85
PL/3324/EXP/ES/2015,REFACCIONES MODERNAS ROMERO HNOS S.A. DE C.V.,Avenida Ermita Iztapalapa No. 4020,Diésel,Diésel,$25.30
PL/3324/EXP/ES/2015,REFACCIONES MODERNAS ROMERO HNOS S.A. DE C.V.,Avenida Ermita Iztapalapa No. 4020,Gasolinas,Regular (con contenido menor a 92 octanos),$24.98
PL/3954/EXP/ES/2015,INN NUEVA YORK S.A. DE C.V.,Calle Georgia No. 37,Gasolinas,Premium (con contenido mínimo de 92 octanos),$26.19
PL/3954/EXP/ES/2015,INN NUEVA YORK S.A. DE C.V.,Calle Georgia No. 37,Gasolinas,Regular (con contenido menor a 92 octanos),$24.49
PL/3954/EXP/ES/2015,INN NUEVA YORK S.A. DE C.V.,Calle Georgia No. 37,Gasolinas,Premium (con contenido mínimo de 92 octanos),$26.19
PL/3954/EXP/ES/2015,INN NUEVA YORK S.A. DE C.V.,Calle Georgia No. 37,Gasolinas,Regular (con contenido menor a 92 octanos),$24.49
PL/3954/EXP/ES/2015,INN NUEVA YORK S.A. DE C.V.,Calle Georgia No. 37,Gasolinas,Premium (con contenido mínimo de 92 octanos),$26.19
PL/3954/EXP/ES/2015,INN NUEVA YORK S.A. DE C.V.,Calle Georgia No. 37,Gasolinas,Regular (con contenido menor a 92 octanos),$24.49
PL/3954/EXP/ES/2015,INN NUEVA YORK S.A. DE C.V.,Calle Georgia No. 37,Gasolinas,Premium (con contenido mínimo de 92 octanos),$26.19
PL/3954/EXP/ES/2015,INN NUEVA YORK S.A. DE C.V.,Calle Georgia No. 37,Gasolinas,Regular (con contenido menor a 92 octanos),$24.49
PL/4112/EXP/ES/2015,CONSORCIO GASOLINERO PLUS S.A. DE C.V.,Alfonso Xiii Esquina Obrero Mundial,Gasolinas,Premium (con contenido mínimo de 92 octanos),$26.49
PL/4112/EXP/ES/2015,CONSORCIO GASOLINERO PLUS S.A. DE C.V.,Alfonso Xiii Esquina Obrero Mundial,Gasolinas,Regular (con contenido menor a 92 octanos),$23.99
PL/4112/EXP/ES/2015,CONSORCIO GASOLINERO PLUS S.A. DE C.V.,Alfonso Xiii Esquina Obrero Mundial,Gasolinas,Premium (con contenido mínimo de 92 octanos),$26.49
PL/4112/EXP/ES/2015,CONSORCIO GASOLINERO PLUS S.A. DE C.V.,Alfonso Xiii Esquina Obrero Mundial,Gasolinas,Regular (con contenido menor a 92 octanos),$23.99
PL/4112/EXP/ES/2015,CONSORCIO GASOLINERO PLUS S.A. DE C.V.,Alfonso Xiii Esquina Obrero Mundial,Gasolinas,Premium (con contenido mínimo de 92 octanos),$26.49
PL/4112/EXP/ES/2015,CONSORCIO GASOLINERO PLUS S.A. DE C.V.,Alfonso Xiii Esquina Obrero Mundial,Gasolinas,Regular (con contenido menor a 92 octanos),$23.99
PL/4112/EXP/ES/2015,CONSORCIO GASOLINERO PLUS S.A. DE C.V.,Alfonso Xiii Esquina Obrero Mundial,Gasolinas,Premium (con contenido mínimo de 92 octanos),$26.49
PL/4112/EXP/ES/2015,CONSORCIO GASOLINERO PLUS S.A. DE C.V.,Alfonso Xiii Esquina Obrero Mundial,Gasolinas,Regular (con contenido menor a 92 octanos),$23.99
PL/4164/EXP/ES/2015,FUENTE LAS VARAS,Avenida Tlahuac No. 331 Y 333,Gasolinas,Premium (con contenido mínimo de 92 octanos),$24.99
PL/4164/EXP/ES/2015,FUENTE LAS VARAS,Avenida Tlahuac No. 331 Y 333,Gasolinas,Regular (con contenido menor a 92 octanos),$23.99
PL/4166/EXP/ES/2015,SERVICIO EL ESCUDO S.A. DE C.V.,Prolongación Arneses No. 550,Diésel,Diésel,$24.19
PL/4166/EXP/ES/2015,SERVICIO EL ESCUDO S.A. DE C.V.,Prolongación Arneses No. 550,Gasolinas,Premium (con contenido mínimo de 92 octanos),$24.99
PL/4166/EXP/ES/2015,SERVICIO EL ESCUDO S.A. DE C.V.,Prolongación Arneses No. 550,Gasolinas,Regular (con contenido menor a 92 octanos),$23.99
PL/4170/EXP/ES/2015,PUERTO ALISAS S.A. DE C.V.,Calle Tianguis No. 16,Gasolinas,Premium (con contenido mínimo de 92 octanos),$25.29
PL/4170/EXP/ES/2015,PUERTO ALISAS S.A. DE C.V.,Calle Tianguis No. 16,Gasolinas,Regular (con contenido menor a 92 octanos),$23.39
PL/4252/EXP/ES/2015,GAS ROAN S.A. DE C.V.,Soria No. 6,Gasolinas,Premium (con contenido mínimo de 92 octanos),$24.99
PL/4252/EXP/ES/2015,GAS ROAN S.A. DE C.V.,Soria No. 6,Gasolinas,Regular (con contenido menor a 92 octanos),$23.09
PL/4252/EXP/ES/2015,GAS ROAN S.A. DE C.V.,Soria No. 6,Gasolinas,Premium (con contenido mínimo de 92 octanos),$24.99
PL/4252/EXP/ES/2015,GAS ROAN S.A. DE C.V.,Soria No. 6,Gasolinas,Regular (con contenido menor a 92 octanos),$23.09
PL/4252/EXP/ES/2015,GAS ROAN S.A. DE C.V.,Soria No. 6,Gasolinas,Premium (con contenido mínimo de 92 octanos),$24.99
PL/4252/EXP/ES/2015,GAS ROAN S.A. DE C.V.,Soria No. 6,Gasolinas,Regular (con contenido menor a 92 octanos),$23.09
PL/4252/EXP/ES/2015,GAS ROAN S.A. DE C.V.,Soria No. 6,Gasolinas,Premium (con contenido mínimo de 92 octanos),$24.99
PL/4252/EXP/ES/2015,GAS ROAN S.A. DE C.V.,Soria No. 6,Gasolinas,Regular (con contenido menor a 92 octanos),$23.09
PL/4388/EXP/ES/2015,ABASTECEDORA SUZUKA S.A. DE C.V.,Avenida Leyes de Reforma No. 1,Diésel,Diésel,$24.76
PL/4388/EXP/ES/2015,ABASTECEDORA SUZUKA S.A. DE C.V.,Avenida Leyes de Reforma No. 1,Gasolinas,Premium (con contenido mínimo de 92 octanos),$23.95
PL/4388/EXP/ES/2015,ABASTECEDORA SUZUKA S.A. DE C.V.,Avenida Leyes de Reforma No. 1,Gasolinas,Regular (con contenido menor a 92 octanos),$23.15
PL/4542/EXP/ES/2015,CONSORCIO GASOLINERO PLUS S.A. DE C.V.,Avenida Universidad No. 1291 Esquina Coyoacán,Gasolinas,Premium (con contenido mínimo de 92 octanos),$26.39
PL/4542/EXP/ES/2015,CONSORCIO GASOLINERO PLUS S.A. DE C.V.,Avenida Universidad No. 1291 Esquina Coyoacán,Gasolinas,Regular (con contenido menor a 92 octanos),$24.39
PL/4542/EXP/ES/2015,CONSORCIO GASOLINERO PLUS S.A. DE C.V.,Avenida Universidad No. 1291 Esquina Coyoacán,Gasolinas,Premium (con contenido mínimo de 92 octanos),$26.39
PL/4542/EXP/ES/2015,CONSORCIO GASOLINERO PLUS S.A. DE C.V.,Avenida Universidad No. 1291 Esquina Coyoacán,Gasolinas,Regular (con contenido menor a 92 octanos),$24.39
PL/4542/EXP/ES/2015,CONSORCIO GASOLINERO PLUS S.A. DE C.V.,Avenida Universidad No. 1291 Esquina Coyoacán,Gasolinas,Premium (con contenido mínimo de 92 octanos),$26.39
PL/4542/EXP/ES/2015,CONSORCIO GASOLINERO PLUS S.A. DE C.V.,Avenida Universidad No. 1291 Esquina Coyoacán,Gasolinas,Regular (con contenido menor a 92 octanos),$24.39
PL/4542/EXP/ES/2015,CONSORCIO GASOLINERO PLUS S.A. DE C.V.,Avenida Universidad No. 1291 Esquina Coyoacán,Gasolinas,Premium (con contenido mínimo de 92 octanos),$26.39
PL/4542/EXP/ES/2015,CONSORCIO GASOLINERO PLUS S.A. DE C.V.,Avenida Universidad No. 1291 Esquina Coyoacán,Gasolinas,Regular (con contenido menor a 92 octanos),$24.39
PL/472/EXP/ES/2015,PETROMAX S.A. DE C.V.,Avenida San Lorenzo Tezonco No. 429,Gasolinas,Premium (con contenido mínimo de 92 octanos),$26.49
PL/472/EXP/ES/2015,PETROMAX S.A. DE C.V.,Avenida San Lorenzo Tezonco No. 429,Gasolinas,Regular (con contenido menor a 92 octanos),$23.99
PL/4769/EXP/ES/2015,ALBERTO CABALLERO NAVARRO,Calzada Ermita Iztapalapa No. 221,Gasolinas,Premium (con contenido mínimo de 92 octanos),$25.53
PL/4769/EXP/ES/2015,ALBERTO CABALLERO NAVARRO,Calzada Ermita Iztapalapa No. 221,Gasolinas,Regular (con contenido menor a 92 octanos),$23.73
PL/4826/EXP/ES/2015,PROMO GAS S.A. DE C.V.,Avenida Tintoreto Eje 6 Sur No. 20,Diésel,Diésel Automotriz [contenido mayor de azufre a 15 mg/kg y contenido máximo de azufre de 500 mg/kg],$24.81
PL/4826/EXP/ES/2015,PROMO GAS S.A. DE C.V.,Avenida Tintoreto Eje 6 Sur No. 20,Diésel,Diésel de Ultra Bajo Azufre (DUBA) [contenido máximo de azufre de 15 mg/kg],$24.81
PL/4826/EXP/ES/2015,PROMO GAS S.A. DE C.V.,Avenida Tintoreto Eje 6 Sur No. 20,Gasolinas,Premium (con un índice de octano ([RON+MON]/2) mínimo de 91),$25.71
PL/4826/EXP/ES/2015,PROMO GAS S.A. DE C.V.,Avenida Tintoreto Eje 6 Sur No. 20,Gasolinas,Regular (con un índice de octano ([RON+MON]/2) mínimo de 87),$23.91
PL/4826/EXP/ES/2015,PROMO GAS S.A. DE C.V.,Avenida Tintoreto Eje 6 Sur No. 20,Diésel,Diésel Automotriz [contenido mayor de azufre a 15 mg/kg y contenido máximo de azufre de 500 mg/kg],$24.81
PL/4826/EXP/ES/2015,PROMO GAS S.A. DE C.V.,Avenida Tintoreto Eje 6 Sur No. 20,Diésel,Diésel de Ultra Bajo Azufre (DUBA) [contenido máximo de azufre de 15 mg/kg],$24.81
PL/4826/EXP/ES/2015,PROMO GAS S.A. DE C.V.,Avenida Tintoreto Eje 6 Sur No. 20,Gasolinas,Premium (con un índice de octano ([RON+MON]/2) mínimo de 91),$25.71
PL/4826/EXP/ES/2015,PROMO GAS S.A. DE C.V.,Avenida Tintoreto Eje 6 Sur No. 20,Gasolinas,Regular (con un índice de octano ([RON+MON]/2) mínimo de 87),$23.91
PL/4826/EXP/ES/2015,PROMO GAS S.A. DE C.V.,Avenida Tintoreto Eje 6 Sur No. 20,Diésel,Diésel Automotriz [contenido mayor de azufre a 15 mg/kg y contenido máximo de azufre de 500 mg/kg],$24.81
PL/4826/EXP/ES/2015,PROMO GAS S.A. DE C.V.,Avenida Tintoreto Eje 6 Sur No. 20,Diésel,Diésel de Ultra Bajo Azufre (DUBA) [contenido máximo de azufre de 15 mg/kg],$24.81
PL/4826/EXP/ES/2015,PROMO GAS S.A. DE C.V.,Avenida Tintoreto Eje 6 Sur No. 20,Gasolinas,Premium (con un índice de octano ([RON+MON]/2) mínimo de 91),$25.71
PL/4826/EXP/ES/2015,PROMO GAS S.A. DE C.V.,Avenida Tintoreto Eje 6 Sur No. 20,Gasolinas,Regular (con un índice de octano ([RON+MON]/2) mínimo de 87),$23.91
PL/4826/EXP/ES/2015,PROMO GAS S.A. DE C.V.,Avenida Tintoreto Eje 6 Sur No. 20,Diésel,Diésel Automotriz [contenido mayor de azufre a 15 mg/kg y contenido máximo de azufre de 500 mg/kg],$24.81
PL/4826/EXP/ES/2015,PROMO GAS S.A. DE C.V.,Avenida Tintoreto Eje 6 Sur No. 20,Diésel,Diésel de Ultra Bajo Azufre (DUBA) [contenido máximo de azufre de 15 mg/kg],$24.81
PL/4826/EXP/ES/2015,PROMO GAS S.A. DE C.V.,Avenida Tintoreto Eje 6 Sur No. 20,Gasolinas,Premium (con un índice de octano ([RON+MON]/2) mínimo de 91),$25.71
PL/4826/EXP/ES/2015,PROMO GAS S.A. DE C.V.,Avenida Tintoreto Eje 6 Sur No. 20,Gasolinas,Regular (con un índice de octano ([RON+MON]/2) mínimo de 87),$23.91
PL/4917/EXP/ES/2015,PUERTO ALISAS S.A. DE C.V.,Marcelino Buendia No. 92,Diésel,Diésel,$24.59
PL/4962/EXP/ES/2015,AGUILAR CORDERO ERNESTO,Calzada Ignacio Zaragoza No. 2275,Diésel,Diésel,$24.29
PL/4962/EXP/ES/2015,AGUILAR CORDERO ERNESTO,Calzada Ignacio Zaragoza No. 2275,Gasolinas,Premium (con contenido mínimo de 92 octanos),$25.09
PL/4962/EXP/ES/2015,AGUILAR CORDERO ERNESTO,Calzada Ignacio Zaragoza No. 2275,Gasolinas,Regular (con contenido menor a 92 octanos),$23.79
PL/5267/EXP/ES/2015,JU VITA S.A. DE C.V.,Avenida Javier Rojo Gomez No. 531,Diésel,Diésel Automotriz [contenido mayor de azufre a 15 mg/kg y contenido máximo de azufre de 500 mg/kg],$24.39
PL/5267/EXP/ES/2015,JU VITA S.A. DE C.V.,Avenida Javier Rojo Gomez No. 531,Gasolinas,Premium (con un índice de octano ([RON+MON]/2) mínimo de 91),$24.69
PL/5267/EXP/ES/2015,JU VITA S.A. DE C.V.,Avenida Javier Rojo Gomez No. 531,Gasolinas,Regular (con un índice de octano ([RON+MON]/2) mínimo de 87),$23.09
PL/5306/EXP/ES/2015,SERVICIO TRES ENCINAS S.A. DE C.V.,Eje 5 Sur No. 44,Diésel,Diésel,$24.69
PL/5306/EXP/ES/2015,SERVICIO TRES ENCINAS S.A. DE C.V.,Eje 5 Sur No. 44,Gasolinas,Premium (con contenido mínimo de 92 octanos),$25.29
PL/5306/EXP/ES/2015,SERVICIO TRES ENCINAS S.A. DE C.V.,Eje 5 Sur No. 44,Gasolinas,Regular (con contenido menor a 92 octanos),$23.49
PL/5312/EXP/ES/2015,INMOBILIARIA AJA GOMEZ S.A. DE C.V.,Eje 6 Sur No. 955,Gasolinas,Premium (con un índice de octano ([RON+MON]/2) mínimo de 91),$25.29
PL/5312/EXP/ES/2015,INMOBILIARIA AJA GOMEZ S.A. DE C.V.,Eje 6 Sur No. 955,Gasolinas,Regular (con un índice de octano ([RON+MON]/2) mínimo de 87),$23.49
PL/5330/EXP/ES/2015,SERVICIO APATLACO S.A. DE C.V.,Avenida Apatlaco No. 307,Gasolina,Premium (con un índice de octano ([RON+MON]/2) mínimo de 91),$25.56
PL/5330/EXP/ES/2015,SERVICIO APATLACO S.A. DE C.V.,Avenida Apatlaco No. 307,Gasolina,Regular (con un índice de octano ([RON+MON]/2) mínimo de 87),$24.71
PL/5330/EXP/ES/2015,SERVICIO APATLACO S.A. DE C.V.,Avenida Apatlaco No. 307,Gasolinas,Premium (con un índice de octano ([RON+MON]/2) mínimo de 91),$25.56
PL/5330/EXP/ES/2015,SERVICIO APATLACO S.A. DE C.V.,Avenida Apatlaco No. 307,Gasolinas,Regular (con un índice de octano ([RON+MON]/2) mínimo de 87),$24.71
PL/5332/EXP/ES/2015,SERVICIO LOMAS ESTRELLA S.A. DE C.V.,Avenida Tlahuac No. 4344,Diésel,Diésel Automotriz,$24.64
PL/5332/EXP/ES/2015,SERVICIO LOMAS ESTRELLA S.A. DE C.V.,Avenida Tlahuac No. 4344,Gasolina,Premium (con un índice de octano ([RON+MON]/2) mínimo de 91),$25.49
PL/5332/EXP/ES/2015,SERVICIO LOMAS ESTRELLA S.A. DE C.V.,Avenida Tlahuac No. 4344,Gasolina,Regular (con un índice de octano ([RON+MON]/2) mínimo de 87),$24.71
PL/5332/EXP/ES/2015,SERVICIO LOMAS ESTRELLA S.A. DE C.V.,Avenida Tlahuac No. 4344,Gasolinas,Premium (con un índice de octano ([RON+MON]/2) mínimo de 91),$25.49
PL/5332/EXP/ES/2015,SERVICIO LOMAS ESTRELLA S.A. DE C.V.,Avenida Tlahuac No. 4344,Gasolinas,Regular (con un índice de octano ([RON+MON]/2) mínimo de 87),$24.71
PL/5488/EXP/ES/2015,ESTACIONES ESCOLOGICAS DE SERVICIOS S.A. DE C.V.,Calzada Ignacio Zaragoza No. 1535,Diésel,Diésel,$24.97
PL/5488/EXP/ES/2015,ESTACIONES ESCOLOGICAS DE SERVICIOS S.A. DE C.V.,Calzada Ignacio Zaragoza No. 1535,Gasolinas,Premium (con contenido mínimo de 92 octanos),$24.28
PL/5488/EXP/ES/2015,ESTACIONES ESCOLOGICAS DE SERVICIOS S.A. DE C.V.,Calzada Ignacio Zaragoza No. 1535,Gasolinas,Regular (con contenido menor a 92 octanos),$23.45
PL/5883/EXP/ES/2015,FRANCISCO PADILLA ORTIZ,Peten No. 228,Gasolinas,Premium (con contenido mínimo de 92 octanos),$26.05
PL/5883/EXP/ES/2015,FRANCISCO PADILLA ORTIZ,Peten No. 228,Gasolinas,Regular (con contenido menor a 92 octanos),$25.05
PL/5883/EXP/ES/2015,FRANCISCO PADILLA ORTIZ,Peten No. 228,Gasolinas,Premium (con contenido mínimo de 92 octanos),$26.05
PL/5883/EXP/ES/2015,FRANCISCO PADILLA ORTIZ,Peten No. 228,Gasolinas,Regular (con contenido menor a 92 octanos),$25.05
PL/5883/EXP/ES/2015,FRANCISCO PADILLA ORTIZ,Peten No. 228,Gasolinas,Premium (con contenido mínimo de 92 octanos),$26.05
PL/5883/EXP/ES/2015,FRANCISCO PADILLA ORTIZ,Peten No. 228,Gasolinas,Regular (con contenido menor a 92 octanos),$23.99
PL/5883/EXP/ES/2015,FRANCISCO PADILLA ORTIZ,Peten No. 228,Gasolinas,Premium (con contenido mínimo de 92 octanos),$26.05
PL/5883/EXP/ES/2015,FRANCISCO PADILLA ORTIZ,Peten No. 228,Gasolinas,Regular (con contenido menor a 92 octanos),$23.99
PL/5926/EXP/ES/2015,RÍO TUERTO S.A. DE C.V.,Prolongación Arneses No. 549,Diésel,Diésel Automotriz [contenido mayor de azufre a 15 mg/kg y contenido máximo de azufre de 500 mg/kg],$25.19
PL/5926/EXP/ES/2015,RÍO TUERTO S.A. DE C.V.,Prolongación Arneses No. 549,Gasolinas,Premium (con un índice de octano ([RON+MON]/2) mínimo de 91),$23.89
PL/5926/EXP/ES/2015,RÍO TUERTO S.A. DE C.V.,Prolongación Arneses No. 549,Gasolinas,Regular (con un índice de octano ([RON+MON]/2) mínimo de 87),$22.99
PL/5954/EXP/ES/2015,SERVICIO CASCADIÑA S.A. DE C.V.,Caleta No. 28,Gasolinas,Premium (con un índice de octano ([RON+MON]/2) mínimo de 91),$24.95
PL/5954/EXP/ES/2015,SERVICIO CASCADIÑA S.A. DE C.V.,Caleta No. 28,Gasolinas,Regular (con un índice de octano ([RON+MON]/2) mínimo de 87),$23.05
PL/5954/EXP/ES/2015,SERVICIO CASCADIÑA S.A. DE C.V.,Caleta No. 28,Gasolinas,Premium (con un índice de octano ([RON+MON]/2) mínimo de 91),$24.95
PL/5954/EXP/ES/2015,SERVICIO CASCADIÑA S.A. DE C.V.,Caleta No. 28,Gasolinas,Regular (con un índice de octano ([RON+MON]/2) mínimo de 87),$23.05
PL/5954/EXP/ES/2015,SERVICIO CASCADIÑA S.A. DE C.V.,Caleta No. 28,Gasolinas,Premium (con un índice de octano ([RON+MON]/2) mínimo de 91),$24.95
PL/5954/EXP/ES/2015,SERVICIO CASCADIÑA S.A. DE C.V.,Caleta No. 28,Gasolinas,Regular (con un índice de octano ([RON+MON]/2) mínimo de 87),$23.05
PL/5954/EXP/ES/2015,SERVICIO CASCADIÑA S.A. DE C.V.,Caleta No. 28,Gasolinas,Premium (con un índice de octano ([RON+MON]/2) mínimo de 91),$24.95
PL/5954/EXP/ES/2015,SERVICIO CASCADIÑA S.A. DE C.V.,Caleta No. 28,Gasolinas,Regular (con un índice de octano ([RON+MON]/2) mínimo de 87),$23.05
PL/615/EXP/ES/2015,PETROMAX S.A. DE C.V.,Avenida Revolución No. 775,Gasolinas,Premium (con contenido mínimo de 92 octanos),$26.49
PL/615/EXP/ES/2015,PETROMAX S.A. DE C.V.,Avenida Revolución No. 775,Gasolinas,Regular (con contenido menor a 92 octanos),$23.99
PL/615/EXP/ES/2015,PETROMAX S.A. DE C.V.,Avenida Revolución No. 775,Gasolinas,Premium (con contenido mínimo de 92 octanos),$26.49
PL/615/EXP/ES/2015,PETROMAX S.A. DE C.V.,Avenida Revolución No. 775,Gasolinas,Regular (con contenido menor a 92 octanos),$23.99
PL/615/EXP/ES/2015,PETROMAX S.A. DE C.V.,Avenida Revolución No. 775,Gasolinas,Premium (con contenido mínimo de 92 octanos),$26.49
PL/615/EXP/ES/2015,PETROMAX S.A. DE C.V.,Avenida Revolución No. 775,Gasolinas,Regular (con contenido menor a 92 octanos),$23.99
PL/615/EXP/ES/2015,PETROMAX S.A. DE C.V.,Avenida Revolución No. 775,Gasolinas,Premium (con contenido mínimo de 92 octanos),$26.49
PL/615/EXP/ES/2015,PETROMAX S.A. DE C.V.,Avenida Revolución No. 775,Gasolinas,Regular (con contenido menor a 92 octanos),$23.99
PL/631/EXP/ES/2015,GASOLINERÍA MAGNOLIAS S.A. DE C.V.,Vialidad Principal Lt. 1 Circuito Fruta Y Legumbres,Diésel,Diésel,$24.99
PL/631/EXP/ES/2015,GASOLINERÍA MAGNOLIAS S.A. DE C.V.,Vialidad Principal Lt. 1 Circuito Fruta Y Legumbres,Gasolinas,Premium (con contenido mínimo de 92 octanos),$25.99
PL/631/EXP/ES/2015,GASOLINERÍA MAGNOLIAS S.A. DE C.V.,Vialidad Principal Lt. 1 Circuito Fruta Y Legumbres,Gasolinas,Regular (con contenido menor a 92 octanos),$23.79
PL/6331/EXP/ES/2015,SERVICIOS SANTA MARÍA S. DE R. L. DE C. V.,Avenida Guelatao No. 220,Gasolinas,Premium (con contenido mínimo de 92 octanos),$24.85
PL/6331/EXP/ES/2015,SERVICIOS SANTA MARÍA S. DE R. L. DE C. V.,Avenida Guelatao No. 220,Gasolinas,Regular (con contenido menor a 92 octanos),$23.99
PL/6334/EXP/ES/2015,ESTACIÓN DE SERVICIO Y GASOLINERIA IGNACIO ZARAGOZA S.A. DE C.V.,Calzada Ignacio Zaragoza No. 2583,Diésel,Diésel,$24.47
PL/6334/EXP/ES/2015,ESTACIÓN DE SERVICIO Y GASOLINERIA IGNACIO ZARAGOZA S.A. DE C.V.,Calzada Ignacio Zaragoza No. 2583,Gasolinas,Premium (con contenido mínimo de 92 octanos),$24.85
PL/6334/EXP/ES/2015,ESTACIÓN DE SERVICIO Y GASOLINERIA IGNACIO ZARAGOZA S.A. DE C.V.,Calzada Ignacio Zaragoza No. 2583,Gasolinas,Regular (con contenido menor a 92 octanos),$23.99
PL/6337/EXP/ES/2015,GASOLINERA ALFA S.A. DE C.V.,Calzada Ignacio Zaragoza No. 2370,Gasolinas,Premium (con contenido mínimo de 92 octanos),$24.85
PL/6337/EXP/ES/2015,GASOLINERA ALFA S.A. DE C.V.,Calzada Ignacio Zaragoza No. 2370,Gasolinas,Regular (con contenido menor a 92 octanos),$23.99
PL/6485/EXP/ES/2015,SERVICIO GARAY S.A. DE C.V.,Calle Benito Juárez No. 1,Diésel,Diésel,$24.99
PL/6485/EXP/ES/2015,SERVICIO GARAY S.A. DE C.V.,Calle Benito Juárez No. 1,Gasolinas,Premium (con contenido mínimo de 92 octanos),$26.49
PL/6485/EXP/ES/2015,SERVICIO GARAY S.A. DE C.V.,Calle Benito Juárez No. 1,Gasolinas,Regular (con contenido menor a 92 octanos),$24.19
PL/6684/EXP/ES/2015,"OPERADORA DE MINIESTACIONES COMBUSERV, S.A. DE C.V",Calzada Javier Rojo Gomez No. 492,Diésel,Diésel,$25.49
PL/6684/EXP/ES/2015,"OPERADORA DE MINIESTACIONES COMBUSERV, S.A. DE C.V",Calzada Javier Rojo Gomez No. 492,Gasolinas,Premium (con contenido mínimo de 92 octanos),$26.49
PL/6684/EXP/ES/2015,"OPERADORA DE MINIESTACIONES COMBUSERV, S.A. DE C.V",Calzada Javier Rojo Gomez No. 492,Gasolinas,Regular (con contenido menor a 92 octanos),$23.99
PL/6687/EXP/ES/2015,CONSORCIO GASOLINERO PLUS S.A. DE C.V.,Calle Murillo No. 21 Y Miguel Angel,Gasolinas,Premium (con contenido mínimo de 92 octanos),$26.49
PL/6687/EXP/ES/2015,CONSORCIO GASOLINERO PLUS S.A. DE C.V.,Calle Murillo No. 21 Y Miguel Angel,Gasolinas,Regular (con contenido menor a 92 octanos),$24.49
PL/6687/EXP/ES/2015,CONSORCIO GASOLINERO PLUS S.A. DE C.V.,Calle Murillo No. 21 Y Miguel Angel,Gasolinas,Premium (con contenido mínimo de 92 octanos),$26.49
PL/6687/EXP/ES/2015,CONSORCIO GASOLINERO PLUS S.A. DE C.V.,Calle Murillo No. 21 Y Miguel Angel,Gasolinas,Regular (con contenido menor a 92 octanos),$24.49
PL/6687/EXP/ES/2015,CONSORCIO GASOLINERO PLUS S.A. DE C.V.,Calle Murillo No. 21 Y Miguel Angel,Gasolinas,Premium (con contenido mínimo de 92 octanos),$26.49
PL/6687/EXP/ES/2015,CONSORCIO GASOLINERO PLUS S.A. DE C.V.,Calle Murillo No. 21 Y Miguel Angel,Gasolinas,Regular (con contenido menor a 92 octanos),$24.49
PL/6687/EXP/ES/2015,CONSORCIO GASOLINERO PLUS S.A. DE C.V.,Calle Murillo No. 21 Y Miguel Angel,Gasolinas,Premium (con contenido mínimo de 92 octanos),$26.49
PL/6687/EXP/ES/2015,CONSORCIO GASOLINERO PLUS S.A. DE C.V.,Calle Murillo No. 21 Y Miguel Angel,Gasolinas,Regular (con contenido menor a 92 octanos),$24.49
PL/6691/EXP/ES/2015,"OPERADORA DE MINIESTACIONES COMBUSERV, S.A. DE C.V",Calzada Ermita Iztapalapa No. 3048,Diésel,Diésel,$25.49
PL/6691/EXP/ES/2015,"OPERADORA DE MINIESTACIONES COMBUSERV, S.A. DE C.V",Calzada Ermita Iztapalapa No. 3048,Gasolinas,Premium (con contenido mínimo de 92 octanos),$25.99
PL/6691/EXP/ES/2015,"OPERADORA DE MINIESTACIONES COMBUSERV, S.A. DE C.V",Calzada Ermita Iztapalapa No. 3048,Gasolinas,Regular (con contenido menor a 92 octanos),$24.49
PL/6692/EXP/ES/2015,"ESTACIÓN DE CARGA VÍA LÁCTEA, S.A. DE C.V.",Calzada Ermita Iztapalapa No. 2710,Diésel,Diésel,$25.49
PL/6692/EXP/ES/2015,"ESTACIÓN DE CARGA VÍA LÁCTEA, S.A. DE C.V.",Calzada Ermita Iztapalapa No. 2710,Gasolinas,Premium (con contenido mínimo de 92 octanos),$26.49
PL/6692/EXP/ES/2015,"ESTACIÓN DE CARGA VÍA LÁCTEA, S.A. DE C.V.",Calzada Ermita Iztapalapa No. 2710,Gasolinas,Regular (con contenido menor a 92 octanos),$24.49
PL/6696/EXP/ES/2015,CONSORCIO GASOLINERO PLUS S.A. DE C.V.,División del Norte No. 804 Y Luz Savinon,Diésel,Diésel,$25.39
PL/6696/EXP/ES/2015,CONSORCIO GASOLINERO PLUS S.A. DE C.V.,División del Norte No. 804 Y Luz Savinon,Gasolinas,Premium (con contenido mínimo de 92 octanos),$26.39
PL/6696/EXP/ES/2015,CONSORCIO GASOLINERO PLUS S.A. DE C.V.,División del Norte No. 804 Y Luz Savinon,Gasolinas,Regular (con contenido menor a 92 octanos),$23.99
PL/6696/EXP/ES/2015,CONSORCIO GASOLINERO PLUS S.A. DE C.V.,División del Norte No. 804 Y Luz Savinon,Diésel,Diésel,$25.39
PL/6696/EXP/ES/2015,CONSORCIO GASOLINERO PLUS S.A. DE C.V.,División del Norte No. 804 Y Luz Savinon,Gasolinas,Premium (con contenido mínimo de 92 octanos),$26.39
PL/6696/EXP/ES/2015,CONSORCIO GASOLINERO PLUS S.A. DE C.V.,División del Norte No. 804 Y Luz Savinon,Gasolinas,Regular (con contenido menor a 92 octanos),$23.99
PL/6696/EXP/ES/2015,CONSORCIO GASOLINERO PLUS S.A. DE C.V.,División del Norte No. 804 Y Luz Savinon,Diésel,Diésel,$25.39
PL/6696/EXP/ES/2015,CONSORCIO GASOLINERO PLUS S.A. DE C.V.,División del Norte No. 804 Y Luz Savinon,Gasolinas,Premium (con contenido mínimo de 92 octanos),$26.39
PL/6696/EXP/ES/2015,CONSORCIO GASOLINERO PLUS S.A. DE C.V.,División del Norte No. 804 Y Luz Savinon,Gasolinas,Regular (con contenido menor a 92 octanos),$23.99
PL/6696/EXP/ES/2015,CONSORCIO GASOLINERO PLUS S.A. DE C.V.,División del Norte No. 804 Y Luz Savinon,Diésel,Diésel,$25.39
PL/6696/EXP/ES/2015,CONSORCIO GASOLINERO PLUS S.A. DE C.V.,División del Norte No. 804 Y Luz Savinon,Gasolinas,Premium (con contenido mínimo de 92 octanos),$26.39
PL/6696/EXP/ES/2015,CONSORCIO GASOLINERO PLUS S.A. DE C.V.,División del Norte No. 804 Y Luz Savinon,Gasolinas,Regular (con contenido menor a 92 octanos),$23.99
PL/6710/EXP/ES/2015,CONSORCIO GASOLINERO PLUS S.A. DE C.V.,Avenida Coyoacan No. 107 Esquina Avenida Providencia,Gasolinas,Premium (con contenido mínimo de 92 octanos),$25.99
PL/6710/EXP/ES/2015,CONSORCIO GASOLINERO PLUS S.A. DE C.V.,Avenida Coyoacan No. 107 Esquina Avenida Providencia,Gasolinas,Regular (con contenido menor a 92 octanos),$23.99
PL/6710/EXP/ES/2015,CONSORCIO GASOLINERO PLUS S.A. DE C.V.,Avenida Coyoacan No. 107 Esquina Avenida Providencia,Gasolinas,Premium (con contenido mínimo de 92 octanos),$25.99
PL/6710/EXP/ES/2015,CONSORCIO GASOLINERO PLUS S.A. DE C.V.,Avenida Coyoacan No. 107 Esquina Avenida Providencia,Gasolinas,Regular (con contenido menor a 92 octanos),$23.99
PL/6710/EXP/ES/2015,CONSORCIO GASOLINERO PLUS S.A. DE C.V.,Avenida Coyoacan No. 107 Esquina Avenida Providencia,Gasolinas,Premium (con contenido mínimo de 92 octanos),$25.99
PL/6710/EXP/ES/2015,CONSORCIO GASOLINERO PLUS S.A. DE C.V.,Avenida Coyoacan No. 107 Esquina Avenida Providencia,Gasolinas,Regular (con contenido menor a 92 octanos),$23.99
PL/6710/EXP/ES/2015,CONSORCIO GASOLINERO PLUS S.A. DE C.V.,Avenida Coyoacan No. 107 Esquina Avenida Providencia,Gasolinas,Premium (con contenido mínimo de 92 octanos),$25.99
PL/6710/EXP/ES/2015,CONSORCIO GASOLINERO PLUS S.A. DE C.V.,Avenida Coyoacan No. 107 Esquina Avenida Providencia,Gasolinas,Regular (con contenido menor a 92 octanos),$23.99
PL/6749/EXP/ES/2015,CONSORCIO GASOLINERO PLUS S.A. DE C.V.,Insurgentes Sur No. 553 Esquina División del Norte,Gasolinas,Premium (con contenido mínimo de 92 octanos),$25.99
PL/6749/EXP/ES/2015,CONSORCIO GASOLINERO PLUS S.A. DE C.V.,Insurgentes Sur No. 553 Esquina División del Norte,Gasolinas,Regular (con contenido menor a 92 octanos),$24.49
PL/6749/EXP/ES/2015,CONSORCIO GASOLINERO PLUS S.A. DE C.V.,Insurgentes Sur No. 553 Esquina División del Norte,Gasolinas,Premium (con contenido mínimo de 92 octanos),$25.99
PL/6749/EXP/ES/2015,CONSORCIO GASOLINERO PLUS S.A. DE C.V.,Insurgentes Sur No. 553 Esquina División del Norte,Gasolinas,Regular (con contenido menor a 92 octanos),$24.49
PL/6749/EXP/ES/2015,CONSORCIO GASOLINERO PLUS S.A. DE C.V.,Insurgentes Sur No. 553 Esquina División del Norte,Gasolinas,Premium (con contenido mínimo de 92 octanos),$25.99
PL/6749/EXP/ES/2015,CONSORCIO GASOLINERO PLUS S.A. DE C.V.,Insurgentes Sur No. 553 Esquina División del Norte,Gasolinas,Regular (con contenido menor a 92 octanos),$24.49
PL/6749/EXP/ES/2015,CONSORCIO GASOLINERO PLUS S.A. DE C.V.,Insurgentes Sur No. 553 Esquina División del Norte,Gasolinas,Premium (con contenido mínimo de 92 octanos),$25.99
PL/6749/EXP/ES/2015,CONSORCIO GASOLINERO PLUS S.A. DE C.V.,Insurgentes Sur No. 553 Esquina División del Norte,Gasolinas,Regular (con contenido menor a 92 octanos),$24.49
PL/6789/EXP/ES/2015,SERVICIO MORENO PLUTARCO S. A.,Avenida Plutarco Elias Calles No. 1918,Gasolinas,Premium (con contenido mínimo de 92 octanos),$24.58
PL/6789/EXP/ES/2015,SERVICIO MORENO PLUTARCO S. A.,Avenida Plutarco Elias Calles No. 1918,Gasolinas,Regular (con contenido menor a 92 octanos),$23.28
PL/6845/EXP/ES/2015,SERVICIO INTEGRAL NACIONAL S.A. DE C.V.,Avenida Popocatepetl No. 220,Gasolinas,Premium (con contenido mínimo de 92 octanos),$26.20
PL/6845/EXP/ES/2015,SERVICIO INTEGRAL NACIONAL S.A. DE C.V.,Avenida Popocatepetl No. 220,Gasolinas,Regular (con contenido menor a 92 octanos),$23.90
PL/6845/EXP/ES/2015,SERVICIO INTEGRAL NACIONAL S.A. DE C.V.,Avenida Popocatepetl No. 220,Gasolinas,Premium (con contenido mínimo de 92 octanos),$26.20
PL/6845/EXP/ES/2015,SERVICIO INTEGRAL NACIONAL S.A. DE C.V.,Avenida Popocatepetl No. 220,Gasolinas,Regular (con contenido menor a 92 octanos),$23.90
PL/6845/EXP/ES/2015,SERVICIO INTEGRAL NACIONAL S.A. DE C.V.,Avenida Popocatepetl No. 220,Gasolinas,Premium (con contenido mínimo de 92 octanos),$26.20
PL/6845/EXP/ES/2015,SERVICIO INTEGRAL NACIONAL S.A. DE C.V.,Avenida Popocatepetl No. 220,Gasolinas,Regular (con contenido menor a 92 octanos),$23.90
PL/6845/EXP/ES/2015,SERVICIO INTEGRAL NACIONAL S.A. DE C.V.,Avenida Popocatepetl No. 220,Gasolinas,Premium (con contenido mínimo de 92 octanos),$26.20
PL/6845/EXP/ES/2015,SERVICIO INTEGRAL NACIONAL S.A. DE C.V.,Avenida Popocatepetl No. 220,Gasolinas,Regular (con contenido menor a 92 octanos),$23.90
PL/6936/EXP/ES/2015,SERVICIO EJE SEIS S.A. DE C.V.,Eje Seis Sur Independencia No. 110,Diésel,Diésel Automotriz [contenido mayor de azufre a 15 mg/kg y contenido máximo de azufre de 500 mg/kg],$24.99
PL/6936/EXP/ES/2015,SERVICIO EJE SEIS S.A. DE C.V.,Eje Seis Sur Independencia No. 110,Gasolinas,Premium (con un índice de octano ([RON+MON]/2) mínimo de 91),$25.69
PL/6936/EXP/ES/2015,SERVICIO EJE SEIS S.A. DE C.V.,Eje Seis Sur Independencia No. 110,Gasolinas,Regular (con un índice de octano ([RON+MON]/2) mínimo de 87),$23.69
PL/6936/EXP/ES/2015,SERVICIO EJE SEIS S.A. DE C.V.,Eje Seis Sur Independencia No. 110,Diésel,Diésel Automotriz [contenido mayor de azufre a 15 mg/kg y contenido máximo de azufre de 500 mg/kg],$24.99
PL/6936/EXP/ES/2015,SERVICIO EJE SEIS S.A. DE C.V.,Eje Seis Sur Independencia No. 110,Gasolinas,Premium (con un índice de octano ([RON+MON]/2) mínimo de 91),$25.69
PL/6936/EXP/ES/2015,SERVICIO EJE SEIS S.A. DE C.V.,Eje Seis Sur Independencia No. 110,Gasolinas,Regular (con un índice de octano ([RON+MON]/2) mínimo de 87),$23.69
PL/6936/EXP/ES/2015,SERVICIO EJE SEIS S.A. DE C.V.,Eje Seis Sur Independencia No. 110,Diésel,Diésel Automotriz [contenido mayor de azufre a 15 mg/kg y contenido máximo de azufre de 500 mg/kg],$24.99
PL/6936/EXP/ES/2015,SERVICIO EJE SEIS S.A. DE C.V.,Eje Seis Sur Independencia No. 110,Gasolinas,Premium (con un índice de octano ([RON+MON]/2) mínimo de 91),$25.69
PL/6936/EXP/ES/2015,SERVICIO EJE SEIS S.A. DE C.V.,Eje Seis Sur Independencia No. 110,Gasolinas,Regular (con un índice de octano ([RON+MON]/2) mínimo de 87),$23.69
PL/6936/EXP/ES/2015,SERVICIO EJE SEIS S.A. DE C.V.,Eje Seis Sur Independencia No. 110,Diésel,Diésel Automotriz [contenido mayor de azufre a 15 mg/kg y contenido máximo de azufre de 500 mg/kg],$24.99
PL/6936/EXP/ES/2015,SERVICIO EJE SEIS S.A. DE C.V.,Eje Seis Sur Independencia No. 110,Gasolinas,Premium (con un índice de octano ([RON+MON]/2) mínimo de 91),$25.69
PL/6936/EXP/ES/2015,SERVICIO EJE SEIS S.A. DE C.V.,Eje Seis Sur Independencia No. 110,Gasolinas,Regular (con un índice de octano ([RON+MON]/2) mínimo de 87),$23.69
PL/6944/EXP/ES/2015,CONXO S.A. DE C.V.,Avenida Patriotismo No. 263,Diésel,Diésel Automotriz [contenido mayor de azufre a 15 mg/kg y contenido máximo de azufre de 500 mg/kg],$24.79
PL/6944/EXP/ES/2015,CONXO S.A. DE C.V.,Avenida Patriotismo No. 263,Gasolinas,Premium (con un índice de octano ([RON+MON]/2) mínimo de 91),$25.79
PL/6944/EXP/ES/2015,CONXO S.A. DE C.V.,Avenida Patriotismo No. 263,Gasolinas,Regular (con un índice de octano ([RON+MON]/2) mínimo de 87),$23.89
PL/6944/EXP/ES/2015,CONXO S.A. DE C.V.,Avenida Patriotismo No. 263,Diésel,Diésel Automotriz [contenido mayor de azufre a 15 mg/kg y contenido máximo de azufre de 500 mg/kg],$24.79
PL/6944/EXP/ES/2015,CONXO S.A. DE C.V.,Avenida Patriotismo No. 263,Gasolinas,Premium (con un índice de octano ([RON+MON]/2) mínimo de 91),$25.79
PL/6944/EXP/ES/2015,CONXO S.A. DE C.V.,Avenida Patriotismo No. 263,Gasolinas,Regular (con un índice de octano ([RON+MON]/2) mínimo de 87),$23.89
PL/6944/EXP/ES/2015,CONXO S.A. DE C.V.,Avenida Patriotismo No. 263,Diésel,Diésel Automotriz [contenido mayor de azufre a 15 mg/kg y contenido máximo de azufre de 500 mg/kg],$24.79
PL/6944/EXP/ES/2015,CONXO S.A. DE C.V.,Avenida Patriotismo No. 263,Gasolinas,Premium (con un índice de octano ([RON+MON]/2) mínimo de 91),$25.79
PL/6944/EXP/ES/2015,CONXO S.A. DE C.V.,Avenida Patriotismo No. 263,Gasolinas,Regular (con un índice de octano ([RON+MON]/2) mínimo de 87),$23.89
PL/6944/EXP/ES/2015,CONXO S.A. DE C.V.,Avenida Patriotismo No. 263,Diésel,Diésel Automotriz [contenido mayor de azufre a 15 mg/kg y contenido máximo de azufre de 500 mg/kg],$24.79
PL/6944/EXP/ES/2015,CONXO S.A. DE C.V.,Avenida Patriotismo No. 263,Gasolinas,Premium (con un índice de octano ([RON+MON]/2) mínimo de 91),$25.79
PL/6944/EXP/ES/2015,CONXO S.A. DE C.V.,Avenida Patriotismo No. 263,Gasolinas,Regular (con un índice de octano ([RON+MON]/2) mínimo de 87),$23.89
PL/6946/EXP/ES/2015,GAS ACATITLA S.A. DE C.V.,Calzada Ignacio Zaragoza No. 2995,Diésel,Diésel Automotriz [contenido mayor de azufre a 15 mg/kg y contenido máximo de azufre de 500 mg/kg],$24.49
PL/6946/EXP/ES/2015,GAS ACATITLA S.A. DE C.V.,Calzada Ignacio Zaragoza No. 2995,Gasolinas,Premium (con un índice de octano ([RON+MON]/2) mínimo de 91),$24.99
PL/6946/EXP/ES/2015,GAS ACATITLA S.A. DE C.V.,Calzada Ignacio Zaragoza No. 2995,Gasolinas,Regular (con un índice de octano ([RON+MON]/2) mínimo de 87),$23.69
PL/695/EXP/ES/2015,INMOBILIARIA RAVS S.A. DE C.V.,Del Circuito de Frutas Y Verduras Mz. 11 Lt. 11,Diésel,Diésel,$24.99
PL/695/EXP/ES/2015,INMOBILIARIA RAVS S.A. DE C.V.,Del Circuito de Frutas Y Verduras Mz. 11 Lt. 11,Gasolinas,Premium (con contenido mínimo de 92 octanos),$25.99
PL/695/EXP/ES/2015,INMOBILIARIA RAVS S.A. DE C.V.,Del Circuito de Frutas Y Verduras Mz. 11 Lt. 11,Gasolinas,Regular (con contenido menor a 92 octanos),$23.79
PL/7395/EXP/ES/2015,SERVICIO AUTOMOTRIZ XOLA S.A. DE C.V.,Xola No. 135,Gasolinas,Premium (con contenido mínimo de 92 octanos),$24.80
PL/7395/EXP/ES/2015,SERVICIO AUTOMOTRIZ XOLA S.A. DE C.V.,Xola No. 135,Gasolinas,Regular (con contenido menor a 92 octanos),$23.04
PL/7395/EXP/ES/2015,SERVICIO AUTOMOTRIZ XOLA S.A. DE C.V.,Xola No. 135,Gasolinas,Premium (con contenido mínimo de 92 octanos),$24.80
PL/7395/EXP/ES/2015,SERVICIO AUTOMOTRIZ XOLA S.A. DE C.V.,Xola No. 135,Gasolinas,Regular (con contenido menor a 92 octanos),$23.04
PL/7395/EXP/ES/2015,SERVICIO AUTOMOTRIZ XOLA S.A. DE C.V.,Xola No. 135,Gasolinas,Premium (con contenido mínimo de 92 octanos),$24.80
PL/7395/EXP/ES/2015,SERVICIO AUTOMOTRIZ XOLA S.A. DE C.V.,Xola No. 135,Gasolinas,Regular (con contenido menor a 92 octanos),$23.04
PL/7395/EXP/ES/2015,SERVICIO AUTOMOTRIZ XOLA S.A. DE C.V.,Xola No. 135,Gasolinas,Premium (con contenido mínimo de 92 octanos),$24.80
PL/7395/EXP/ES/2015,SERVICIO AUTOMOTRIZ XOLA S.A. DE C.V.,Xola No. 135,Gasolinas,Regular (con contenido menor a 92 octanos),$23.04
PL/7405/EXP/ES/2015,ESTACIÓN DE CARGA VÍA LÁCTEA S.A. DE C.V.,Mz. 12 Area de Servicios Complementarios,Diésel,Diésel,$25.49
PL/7405/EXP/ES/2015,ESTACIÓN DE CARGA VÍA LÁCTEA S.A. DE C.V.,Mz. 12 Area de Servicios Complementarios,Gasolinas,Premium (con contenido mínimo de 92 octanos),$26.49
PL/7405/EXP/ES/2015,ESTACIÓN DE CARGA VÍA LÁCTEA S.A. DE C.V.,Mz. 12 Area de Servicios Complementarios,Gasolinas,Regular (con contenido menor a 92 octanos),$24.49
PL/7740/EXP/ES/2015,INMOBILIARIA TERMINAL DE CARGA ORIENTE S.A. DE C.V.,Avenida Transportistas No. 15 Condominio Rojolts. 123 Y 4.,Diésel,Diésel,$24.73
PL/7740/EXP/ES/2015,INMOBILIARIA TERMINAL DE CARGA ORIENTE S.A. DE C.V.,Avenida Transportistas No. 15 Condominio Rojolts. 123 Y 4.,Gasolinas,Premium (con contenido mínimo de 92 octanos),$24.52
PL/7740/EXP/ES/2015,INMOBILIARIA TERMINAL DE CARGA ORIENTE S.A. DE C.V.,Avenida Transportistas No. 15 Condominio Rojolts. 123 Y 4.,Gasolinas,Regular (con contenido menor a 92 octanos),$23.84
PL/8535/EXP/ES/2015,SERVICIO RIVIERA S. A.,Avenida División del Norte No. 1231,Gasolinas,Premium (con contenido mínimo de 92 octanos),$24.51
PL/8535/EXP/ES/2015,SERVICIO RIVIERA S. A.,Avenida División del Norte No. 1231,Gasolinas,Regular (con contenido menor a 92 octanos),$23.55
PL/8535/EXP/ES/2015,SERVICIO RIVIERA S. A.,Avenida División del Norte No. 1231,Gasolinas,Premium (con contenido mínimo de 92 octanos),$24.51
PL/8535/EXP/ES/2015,SERVICIO RIVIERA S. A.,Avenida División del Norte No. 1231,Gasolinas,Regular (con contenido menor a 92 octanos),$23.55
PL/8535/EXP/ES/2015,SERVICIO RIVIERA S. A.,Avenida División del Norte No. 1231,Gasolinas,Premium (con contenido mínimo de 92 octanos),$24.47
PL/8535/EXP/ES/2015,SERVICIO RIVIERA S. A.,Avenida División del Norte No. 1231,Gasolinas,Regular (con contenido menor a 92 octanos),$23.51
PL/8535/EXP/ES/2015,SERVICIO RIVIERA S. A.,Avenida División del Norte No. 1231,Gasolinas,Premium (con contenido mínimo de 92 octanos),$24.47
PL/8535/EXP/ES/2015,SERVICIO RIVIERA S. A.,Avenida División del Norte No. 1231,Gasolinas,Regular (con contenido menor a 92 octanos),$23.51
PL/855/EXP/ES/2015,SERVICIO GEYSER S.A. DE C.V.,Calle Francisco Villar No. 19,Gasolinas,Premium (con contenido mínimo de 92 octanos),$25.99
PL/855/EXP/ES/2015,SERVICIO GEYSER S.A. DE C.V.,Calle Francisco Villar No. 19,Gasolinas,Regular (con contenido menor a 92 octanos),$24.99
PL/8696/EXP/ES/2015,SERVICIO TULCINGO S.A. DE C.V.,Avenida Tlahuac No. 1742,Diésel,Diésel,$25.05
PL/8696/EXP/ES/2015,SERVICIO TULCINGO S.A. DE C.V.,Avenida Tlahuac No. 1742,Gasolinas,Premium (con contenido mínimo de 92 octanos),$25.69
PL/8696/EXP/ES/2015,SERVICIO TULCINGO S.A. DE C.V.,Avenida Tlahuac No. 1742,Gasolinas,Regular (con contenido menor a 92 octanos),$24.69
PL/8925/EXP/ES/2015,CORPORACIÓN GASOLINERA MILLENIUM S.A. DE C.V.,Tolteca No. 69 Eje 4 Oriente,Diésel,Diésel,$25.49
PL/8925/EXP/ES/2015,CORPORACIÓN GASOLINERA MILLENIUM S.A. DE C.V.,Tolteca No. 69 Eje 4 Oriente,Gasolinas,Premium (con contenido mínimo de 92 octanos),$26.49
PL/8925/EXP/ES/2015,CORPORACIÓN GASOLINERA MILLENIUM S.A. DE C.V.,Tolteca No. 69 Eje 4 Oriente,Gasolinas,Regular (con contenido menor a 92 octanos),$24.49
PL/8926/EXP/ES/2015,CORPORACIÓN GASOLINERA MILLENIUM S.A. DE C.V.,Calzada Ermita Iztapalapa No. 3389,Gasolinas,Premium (con contenido mínimo de 92 octanos),$26.49
PL/8926/EXP/ES/2015,CORPORACIÓN GASOLINERA MILLENIUM S.A. DE C.V.,Calzada Ermita Iztapalapa No. 3389,Gasolinas,Regular (con contenido menor a 92 octanos),$24.49
PL/919/EXP/ES/2015,SERVICIO MIRLO S.A. DE C.V.,Avenida Canal de Tezontle No. 4,Gasolinas,Premium (con un índice de octano ([RON+MON]/2) mínimo de 91),$25.49
PL/919/EXP/ES/2015,SERVICIO MIRLO S.A. DE C.V.,Avenida Canal de Tezontle No. 4,Gasolinas,Regular (con un índice de octano ([RON+MON]/2) mínimo de 87),$23.69
PL/941/EXP/ES/2015,SERVICIO DANIELA S.A. DE C.V.,Calzada de Tlalpan No. 985,Diésel,Diésel Automotriz [contenido mayor de azufre a 15 mg/kg y contenido máximo de azufre de 500 mg/kg],$24.89
PL/941/EXP/ES/2015,SERVICIO DANIELA S.A. DE C.V.,Calzada de Tlalpan No. 985,Gasolinas,Premium (con un índice de octano ([RON+MON]/2) mínimo de 91),$25.99
PL/941/EXP/ES/2015,SERVICIO DANIELA S.A. DE C.V.,Calzada de Tlalpan No. 985,Gasolinas,Regular (con un índice de octano ([RON+MON]/2) mínimo de 87),$24.29
PL/941/EXP/ES/2015,SERVICIO DANIELA S.A. DE C.V.,Calzada de Tlalpan No. 985,Diésel,Diésel Automotriz [contenido mayor de azufre a 15 mg/kg y contenido máximo de azufre de 500 mg/kg],$24.89
PL/941/EXP/ES/2015,SERVICIO DANIELA S.A. DE C.V.,Calzada de Tlalpan No. 985,Gasolinas,Premium (con un índice de octano ([RON+MON]/2) mínimo de 91),$25.99
PL/941/EXP/ES/2015,SERVICIO DANIELA S.A. DE C.V.,Calzada de Tlalpan No. 985,Gasolinas,Regular (con un índice de octano ([RON+MON]/2) mínimo de 87),$24.29
PL/941/EXP/ES/2015,SERVICIO DANIELA S.A. DE C.V.,Calzada de Tlalpan No. 985,Diésel,Diésel Automotriz [contenido mayor de azufre a 15 mg/kg y contenido máximo de azufre de 500 mg/kg],$24.89
PL/941/EXP/ES/2015,SERVICIO DANIELA S.A. DE C.V.,Calzada de Tlalpan No. 985,Gasolinas,Premium (con un índice de octano ([RON+MON]/2) mínimo de 91),$25.99
PL/941/EXP/ES/2015,SERVICIO DANIELA S.A. DE C.V.,Calzada de Tlalpan No. 985,Gasolinas,Regular (con un índice de octano ([RON+MON]/2) mínimo de 87),$24.29
PL/941/EXP/ES/2015,SERVICIO DANIELA S.A. DE C.V.,Calzada de Tlalpan No. 985,Diésel,Diésel Automotriz [contenido mayor de azufre a 15 mg/kg y contenido máximo de azufre de 500 mg/kg],$24.89
PL/941/EXP/ES/2015,SERVICIO DANIELA S.A. DE C.V.,Calzada de Tlalpan No. 985,Gasolinas,Premium (con un índice de octano ([RON+MON]/2) mínimo de 91),$25.99
PL/941/EXP/ES/2015,SERVICIO DANIELA S.A. DE C.V.,Calzada de Tlalpan No. 985,Gasolinas,Regular (con un índice de octano ([RON+MON]/2) mínimo de 87),$24.29
PL/963/EXP/ES/2015,"GPDC Estaciones de Servicio, S. A. DE C. V.",Avenida Popocatépetl No. 415,Gasolinas,Premium (con un índice de octano ([RON+MON]/2) mínimo de 91),$26.99
PL/963/EXP/ES/2015,"GPDC Estaciones de Servicio, S. A. DE C. V.",Avenida Popocatépetl No. 415,Gasolinas,Regular (con un índice de octano ([RON+MON]/2) mínimo de 87),$24.39
PL/963/EXP/ES/2015,"GPDC Estaciones de Servicio, S. A. DE C. V.",Avenida Popocatépetl No. 415,Gasolinas,Premium (con un índice de octano ([RON+MON]/2) mínimo de 91),$26.99
PL/963/EXP/ES/2015,"GPDC Estaciones de Servicio, S. A. DE C. V.",Avenida Popocatépetl No. 415,Gasolinas,Regular (con un índice de octano ([RON+MON]/2) mínimo de 87),$24.39
PL/963/EXP/ES/2015,"GPDC Estaciones de Servicio, S. A. DE C. V.",Avenida Popocatépetl No. 415,Gasolinas,Premium (con un índice de octano ([RON+MON]/2) mínimo de 91),$26.99
PL/963/EXP/ES/2015,"GPDC Estaciones de Servicio, S. A. DE C. V.",Avenida Popocatépetl No. 415,Gasolinas,Regular (con un índice de octano ([RON+MON]/2) mínimo de 87),$24.39
PL/963/EXP/ES/2015,"GPDC Estaciones de Servicio, S. A. DE C. V.",Avenida Popocatépetl No. 415,Gasolinas,Premium (con un índice de octano ([RON+MON]/2) mínimo de 91),$26.99
PL/963/EXP/ES/2015,"GPDC Estaciones de Servicio, S. A. DE C. V.",Avenida Popocatépetl No. 415,Gasolinas,Regular (con un índice de octano ([RON+MON]/2) mínimo de 87),$24.39
PL/9673/EXP/ES/2015,SERVICIOS SIMPA S.A. DE C.V.,Torres Adalid No. 1401,Gasolinas,Regular (con contenido menor a 92 octanos),$22.80
PL/9673/EXP/ES/2015,SERVICIOS SIMPA S.A. DE C.V.,Torres Adalid No. 1401,Gasolinas,Regular (con contenido menor a 92 octanos),$22.80
PL/9673/EXP/ES/2015,SERVICIOS SIMPA S.A. DE C.V.,Torres Adalid No. 1401,Gasolinas,Regular (con contenido menor a 92 octanos),$22.80
PL/9673/EXP/ES/2015,SERVICIOS SIMPA S.A. DE C.V.,Torres Adalid No. 1401,Gasolinas,Regular (con contenido menor a 92 octanos),$22.80
PL/985/EXP/ES/2015,LA VICENTINA S.A. DE C.V.,Avenida Jalisco No. 75,Gasolinas,Premium (con contenido mínimo de 92 octanos),$24.99
PL/985/EXP/ES/2015,LA VICENTINA S.A. DE C.V.,Avenida Jalisco No. 75,Gasolinas,Regular (con contenido menor a 92 octanos),$23.95